id,first_name,last_name,email,phone_number,region,country,hashed_password,is_deleted
1,Krishna,Ndlovu,krishna.ndlovu1@hotmail.com,+67239842355,Europe,Spain,$2b$12$ov1ggsLYIE1k3tr7OAuBXj,False
2,Diego,Patel,diego.patel2@icloud.com,+10471412622,Africa,Nigeria,$2b$12$ksDYnW4B73Xxs1BbSv61g3,False
3,Ahmed,Taylor,ahmed.taylor3@hotmail.com,+91195045256,North America,USA,$2b$12$6UrP1YARxpPCnOtKw20DSl,False
4,Lucas,Moore,lucas.moore4@outlook.com,+28490378291,Asia,China,$2b$12$9n10laT1SdOy4XXztYhgdF,False
5,Sophia,Rodriguez,sophia.rodriguez5@outlook.com,+43497729466,Africa,Nigeria,$2b$12$eKk3AfRuqO78B0m06GGIe1,False
6,Ngozi,Menon,ngozi.menon6@yahoo.com,+66469351376,Oceania,New Zealand,$2b$12$T1hXwY924husF8QHXkOFmO,False
7,Krishna,Thomas,krishna.thomas7@yahoo.com,+25810363885,Europe,France,$2b$12$0Z0YDd7CNb335k0MjJDMfI,False
8,Omar,Rao,omar.rao8@hotmail.com,+30884576169,Asia,UAE,$2b$12$QSVMRfXwHH8uxVNtvZZjyV,False
9,Riya,Martinez,riya.martinez9@gmail.com,+74526232330,Europe,UK,$2b$12$hljGBtiNYnPXIJk77S3LOZ,False
10,Ishaan,Khan,ishaan.khan10@gmail.com,+74916154468,North America,Mexico,$2b$12$cnmNpyEUGbQAhOqC7o2C50,False
11,Laura,Chen,laura.chen11@yahoo.com,+38123913484,Europe,Italy,$2b$12$ZmXw49L4Hc2GceS5RBtzuq,False
12,Anna,Wilson,anna.wilson12@hotmail.com,+97771452117,Africa,South Africa,$2b$12$hJnirXJEKJE0TlYkeAyWRd,False
13,Zainab,Rao,zainab.rao13@hotmail.com,+62768981734,Asia,UAE,$2b$12$EXTFMIoIPdRpaUyzMIM6Oc,False
14,Sofia,Rossi,sofia.rossi14@outlook.com,+66491008446,Asia,India,$2b$12$nBDwlgi6y7utE6Icq8jZ5n,False
15,Yasmin,Al-Farsi,yasmin.al-farsi15@outlook.com,+45019413322,Europe,France,$2b$12$ILXXdt6vpMmjXh3pgTkwvF,False
16,Valentina,Pillai,valentina.pillai16@gmail.com,+71345892506,North America,Mexico,$2b$12$DmomdODguPryUPRxE02dZ3,False
17,David,Anderson,david.anderson17@yahoo.com,+10614177584,Europe,France,$2b$12$6qFcgImnsCjXPX5Lw8JCzc,False
18,Ananya,Silva,ananya.silva18@gmail.com,+11223251636,Europe,UK,$2b$12$7YRn5koeruXu7sGKZU16hf,False
19,Chidi,El-Masry,chidi.el-masry19@hotmail.com,+59425645433,Europe,UK,$2b$12$BjEKrg7w0MPWqn9PsOy1Ft,False
20,Mia,Moore,mia.moore20@hotmail.com,+96097075945,Asia,UAE,$2b$12$QUxUooZMcPsrAC3BsVHaNF,False
21,Sarah,Kulkarni,sarah.kulkarni21@yahoo.com,+33688765373,North America,Mexico,$2b$12$JlDOPQ9FAHutQtUU7iwVAO,True
22,Jane,Hassan,jane.hassan22@yahoo.com,+28538935479,North America,USA,$2b$12$T2oqDF4cp4MPpMwTfrNL0X,False
23,Priya,Hassan,priya.hassan23@yahoo.com,+57584349610,Asia,Japan,$2b$12$afv7D3d7dY2ssKShoUYj31,False
24,Nadia,Nakamura,nadia.nakamura24@icloud.com,+58457596776,Europe,France,$2b$12$1oPjmeESmlrmZkrsm6mEJq,False
25,Valentina,Reddy,valentina.reddy25@outlook.com,+04151530150,Asia,India,$2b$12$DkDbBwvg9bjg8tAUdelQ8M,False
26,Ji-woo,Martin,ji-woo.martin26@hotmail.com,+87717630570,North America,Mexico,$2b$12$22rljXP1F83YXhU6sYvnTk,False
27,Olivia,Li,olivia.li27@outlook.com,+03544200067,Europe,Germany,$2b$12$D6jj6WCz7S4fGScFd3QlGg,False
28,Santiago,Petrov,santiago.petrov28@hotmail.com,+40492453444,Asia,China,$2b$12$XmLej8xhRmKYQponNPGydZ,False
29,Wei,Tanaka,wei.tanaka29@outlook.com,+75004900642,Asia,UAE,$2b$12$ONgrsLW1GwzTtzWHCTrdWC,False
30,Lucas,Chatterjee,lucas.chatterjee30@yahoo.com,+26562583316,Asia,China,$2b$12$uf5SqLCute851t9rZgtJ8q,False
31,Mia,Kim,mia.kim31@icloud.com,+02709435648,Asia,Japan,$2b$12$A0DQzarJbo7apMImd3IJdm,True
32,Neha,Malhotra,neha.malhotra32@hotmail.com,+92739227715,Asia,Japan,$2b$12$e8VHQk9GG7fAfAqCRrdkSJ,False
33,Krishna,Iyer,krishna.iyer33@hotmail.com,+36599668177,Europe,France,$2b$12$83jTffXy9aFt9PVr30WD5P,False
34,Yuki,Ibrahim,yuki.ibrahim34@icloud.com,+18634499861,Europe,France,$2b$12$e2bQp3TYRJ1sGsh2EdZ6Pu,False
35,Tendai,Dubois,tendai.dubois35@yahoo.com,+91109420479,Asia,China,$2b$12$1Tru97PcovH10qgro3aZOg,False
36,Sai,Mensah,sai.mensah36@gmail.com,+56892959108,North America,USA,$2b$12$QJanvnJMkhODqpc00Ivnt5,True
37,Ngozi,Park,ngozi.park37@outlook.com,+61816208810,Asia,UAE,$2b$12$fZsqY79qKslxdkKQqIV3Jo,False
38,Isabella,Gupta,isabella.gupta38@yahoo.com,+60797216054,Asia,Singapore,$2b$12$Skiwujd6PSeXwUEpqiZAWZ,False
39,Deepak,Dubois,deepak.dubois39@outlook.com,+72762304215,Europe,Spain,$2b$12$kuha9OCmKHnaDFXyg2zScc,False
40,Min-jun,Moore,min-jun.moore40@yahoo.com,+50106301926,Europe,Italy,$2b$12$bWoX6P95SXLngxDvgFE77M,False
41,Kavya,Bhatt,kavya.bhatt41@yahoo.com,+41307341825,Europe,Spain,$2b$12$0t86hRCqz45vCGTDy5xquu,False
42,Sofia,Adeyemi,sofia.adeyemi42@yahoo.com,+87681954279,Asia,UAE,$2b$12$IOi2phPnU6QWEvMw2DEPlI,False
43,Omar,Garcia,omar.garcia43@yahoo.com,+60473770514,South America,Argentina,$2b$12$UWndmYqdL2ncihmlNnHyOO,False
44,John,Garcia,john.garcia44@hotmail.com,+38845666798,North America,Mexico,$2b$12$K3mGyHit6XAgOsugrncK8h,False
45,Sai,Bhatt,sai.bhatt45@outlook.com,+14455742483,Asia,China,$2b$12$dgHZthfLwvo3xRUdp32zjs,False
46,Anna,Dubois,anna.dubois46@outlook.com,+09168232111,North America,USA,$2b$12$6PeSjsDvRj2Ks7Dzb90k6X,False
47,Lucas,Moore,lucas.moore47@gmail.com,+45086080545,Asia,India,$2b$12$A5IQlgGu8fVL291xRkEqpJ,False
48,Tendai,Tanaka,tendai.tanaka48@outlook.com,+99259784258,Europe,Germany,$2b$12$hJyoIULfIMQAfhuNTPtBcX,False
49,Ali,Garcia,ali.garcia49@gmail.com,+96753448570,Europe,Spain,$2b$12$vFBrk7h6hf363WEgKGTceK,False
50,Valentina,Hassan,valentina.hassan50@yahoo.com,+75944187802,Asia,India,$2b$12$15JwDFMoyH0XUnzI7v4UNR,True
51,Sofia,Chopra,sofia.chopra51@outlook.com,+80549882579,Europe,Spain,$2b$12$XRPxAL0O9QzJM1ppmdP7Md,False
52,Anika,Kulkarni,anika.kulkarni52@gmail.com,+09316710891,Europe,Italy,$2b$12$w3dLB4FJSYFSXGSwwaPpY7,False
53,John,Smith,john.smith53@yahoo.com,+99925996102,South America,Argentina,$2b$12$2rOUFFBtJ9ncdKqC6eknCR,False
54,James,Novak,james.novak54@yahoo.com,+01075584424,Africa,Nigeria,$2b$12$lgfXbMJgIrFiPXaHOaSHsD,False
55,Sarah,El-Masry,sarah.el-masry55@icloud.com,+15952684271,North America,USA,$2b$12$QNWcWcOvdQIPxrMnYQ9bKI,False
56,Vihaan,Brown,vihaan.brown56@icloud.com,+93370213513,Europe,Italy,$2b$12$1A6o0G6nqIIjOzjFRb5LqU,False
57,Wei,Silva,wei.silva57@gmail.com,+79060587227,Africa,Nigeria,$2b$12$07Xmkm2su3mzssKTqcNIOB,True
58,Aadhya,Silva,aadhya.silva58@hotmail.com,+82046498708,Asia,Japan,$2b$12$WMUTEuKNJGviA2SUT5oSep,False
59,Carlos,Wilson,carlos.wilson59@hotmail.com,+73589506608,Europe,Germany,$2b$12$bAixicDzzvzaD0iiWFpWuL,False
60,Layla,Taylor,layla.taylor60@yahoo.com,+28530073829,Asia,South Korea,$2b$12$IkUMmUM0Yt6cuLHnmW2QGV,False
61,Nadia,Adeyemi,nadia.adeyemi61@outlook.com,+91693084086,North America,Mexico,$2b$12$o7hKv4pNjlzXrRJ8sp3unY,False
62,Carlos,Kim,carlos.kim62@hotmail.com,+02090755881,North America,USA,$2b$12$Yd1NrHokikKYEaAUZTwOez,False
63,Jane,Rao,jane.rao63@yahoo.com,+01650257399,Asia,Singapore,$2b$12$HbaXnhKr86Zs2po8Pf2jQB,False
64,Anna,El-Masry,anna.el-masry64@gmail.com,+74875485190,Asia,Japan,$2b$12$bWQ2LU48IbvMghy4t5XsoZ,False
65,Olivia,Nakamura,olivia.nakamura65@yahoo.com,+66504826895,South America,Argentina,$2b$12$UN8gxLe8JtoaK8czPAOS7L,False
66,Divya,Wang,divya.wang66@yahoo.com,+36467727596,Europe,Spain,$2b$12$SsjggZcDMPe1Bbi16Uu6ro,False
67,Zola,Silva,zola.silva67@yahoo.com,+89975134754,Africa,South Africa,$2b$12$VtGPk5k9rzpHakGR7Z5XWv,False
68,Jane,Muller,jane.muller68@yahoo.com,+17402814501,Asia,China,$2b$12$47FhcENI3HOU3LIeNlwGfR,False
69,Reyansh,Chatterjee,reyansh.chatterjee69@gmail.com,+95214771782,South America,Brazil,$2b$12$rFvwydmWhEiHNDVqIrFdqR,False
70,James,Anderson,james.anderson70@icloud.com,+09573222418,North America,Mexico,$2b$12$Wqqsr9OxCFIx8rAaE19DiS,False
71,Mateo,Malhotra,mateo.malhotra71@gmail.com,+59535187155,North America,Canada,$2b$12$N7Fa3PXhCCq0leo9hKlyIb,False
72,Anika,Al-Farsi,anika.al-farsi72@hotmail.com,+21725260354,South America,Argentina,$2b$12$oKaELnkESau9uuTDyWbSx3,False
73,James,Taylor,james.taylor73@hotmail.com,+61473187677,Africa,Nigeria,$2b$12$S6hl3yYQEceSgan4MSOJpA,False
74,Diya,Chatterjee,diya.chatterjee74@hotmail.com,+75052749559,Oceania,Australia,$2b$12$H93TYYPZebBdvm7OcMTu28,False
75,Layla,Said,layla.said75@icloud.com,+43387143607,Europe,Spain,$2b$12$8fBWBDuzRbXTiVGtCGnLNw,False
76,Emily,Taylor,emily.taylor76@gmail.com,+72162979590,North America,USA,$2b$12$CMFA72xSYgKXduX69LcbYT,False
77,Karan,Moore,karan.moore77@yahoo.com,+20652361562,Oceania,New Zealand,$2b$12$mij2V6hR5HVLaAqfK5duPt,False
78,Neha,Thomas,neha.thomas78@gmail.com,+23523515112,Asia,Singapore,$2b$12$hlb9E6Qv6qlXIAK8r34Vjf,False
79,Yuki,Mehta,yuki.mehta79@outlook.com,+20938988137,Europe,Germany,$2b$12$hRy9axq2hz184OkfzDFdPy,False
80,Fatima,Menon,fatima.menon80@hotmail.com,+50588323233,South America,Argentina,$2b$12$g4woE6ZgQP27UOv3697N7W,True
81,Lukas,Fernandez,lukas.fernandez81@icloud.com,+40231869519,Oceania,Australia,$2b$12$ob8A2rwZGQtME5EfT72g9v,False
82,Lucas,Iyer,lucas.iyer82@yahoo.com,+46344257018,Europe,France,$2b$12$ZN8vLQjWiZhlEledrEciLt,False
83,Aadhya,Pillai,aadhya.pillai83@yahoo.com,+59668635236,South America,Argentina,$2b$12$U0b6QYDa2JckmxBA16QN1q,False
84,Isabella,Hassan,isabella.hassan84@icloud.com,+16530787464,South America,Argentina,$2b$12$INr7oduYxn2jj3taATUfrM,False
85,Min-jun,Menon,min-jun.menon85@hotmail.com,+33296181513,Asia,Japan,$2b$12$OMu1eZ6QAxBknNIEDe17pt,False
86,Omar,Hassan,omar.hassan86@hotmail.com,+69982099206,Asia,Singapore,$2b$12$Nag3kJ2TqjSz7NapURTopm,False
87,Ishaan,Silva,ishaan.silva87@outlook.com,+00941635826,Europe,France,$2b$12$RaYrEpAVmJdlQJLnmAh3qS,False
88,Lakshmi,Hassan,lakshmi.hassan88@outlook.com,+84944868772,Oceania,Australia,$2b$12$jOmrzhhUvJOMM8NvrXAIYo,False
89,Diego,Kulkarni,diego.kulkarni89@yahoo.com,+38623711727,Oceania,New Zealand,$2b$12$ndeMFsnRfR4CEHfMwDb2ue,True
90,Isabella,Verma,isabella.verma90@hotmail.com,+59588297102,Oceania,New Zealand,$2b$12$W8Gc9moRufQq1j4SoJ6dYC,False
91,Sophia,Adeyemi,sophia.adeyemi91@yahoo.com,+03940428074,South America,Brazil,$2b$12$6mS7vgyLND5JN76vrUGBRO,False
92,Camila,Pillai,camila.pillai92@icloud.com,+06476740143,North America,USA,$2b$12$4wUo6fUg27YWDp9GYSRvAB,False
93,Chidi,Rodriguez,chidi.rodriguez93@gmail.com,+74813713757,Europe,Italy,$2b$12$LSmodGPnSa1QQRw9Ul5Tt6,False
94,Emma,Kapoor,emma.kapoor94@outlook.com,+58891512364,Asia,China,$2b$12$pNP7J9rXp9VMeEi4xZ4gVs,True
95,Zola,Chopra,zola.chopra95@yahoo.com,+82679270549,Oceania,New Zealand,$2b$12$gqI1QossTGbee7FEVlbqmX,False
96,Pooja,Martinez,pooja.martinez96@hotmail.com,+79847050796,Asia,Japan,$2b$12$YN4Coui3LVrSuBO8ISKA57,False
97,Rahul,Novak,rahul.novak97@hotmail.com,+82956763668,Asia,Japan,$2b$12$t3BTGV2ARFXlTKBwRvc6Bk,False
98,Layla,Mensah,layla.mensah98@icloud.com,+45510064871,North America,Mexico,$2b$12$nZurEbIcZAnCktiP8EgeZv,False
99,Ji-woo,Garcia,ji-woo.garcia99@hotmail.com,+13901049641,South America,Argentina,$2b$12$sgPd4meRvRc1tU6HutQajO,False
100,Diya,Mehta,diya.mehta100@yahoo.com,+35279221742,Europe,Spain,$2b$12$brOp58ck4cE6KsayHfGzu8,False
101,Isabella,Muller,isabella.muller101@yahoo.com,+20462046321,North America,Canada,$2b$12$3RKDetawDLwpSjhRK1T3P0,False
102,Anika,Hassan,anika.hassan102@icloud.com,+78757303769,Oceania,New Zealand,$2b$12$kG6Wy5tbXzcme905lXIsP7,False
103,Camila,Chopra,camila.chopra103@outlook.com,+92028801569,Europe,UK,$2b$12$Cb0llMXX12hsSySCBbL1Yu,False
104,Aarav,Menon,aarav.menon104@gmail.com,+72065955308,North America,USA,$2b$12$PmNz5Se1Snrkt63Iww7mU9,False
105,Mateo,Ndlovu,mateo.ndlovu105@icloud.com,+81734881389,North America,Canada,$2b$12$1S3n8famLpNgRoGh8xLEKC,False
106,Valentina,Agarwal,valentina.agarwal106@hotmail.com,+08450666798,Asia,India,$2b$12$eZNpf2u4V7OlcpBM3iNfDe,False
107,Valentina,Lopez,valentina.lopez107@gmail.com,+79665705490,North America,Mexico,$2b$12$xLTXGq457XWeJzqen44UgQ,False
108,Fatima,Rao,fatima.rao108@hotmail.com,+61882849702,Africa,Nigeria,$2b$12$hQcrh5J5bTDD2c6bwiGKNX,False
109,Emily,Bhatt,emily.bhatt109@hotmail.com,+42198421930,Asia,Japan,$2b$12$U6BkjrLd79kWKDTJuIip8l,False
110,Omar,Bhatt,omar.bhatt110@hotmail.com,+34639693636,Europe,Spain,$2b$12$LsCpJIMtJTSJsHH6xtUNAa,False
111,Deepak,Bhatt,deepak.bhatt111@icloud.com,+73988271191,North America,USA,$2b$12$RT5FFmCaFRWPXPWBLNJJWo,False
112,Valentina,Ibrahim,valentina.ibrahim112@outlook.com,+84306748352,Asia,India,$2b$12$tGOFmZHA2Bk9x3Gpx46i90,True
113,Yuki,Rossi,yuki.rossi113@outlook.com,+51455465226,Europe,UK,$2b$12$OlKAh9Lgv0BEig87fIQ2I1,False
114,James,Muller,james.muller114@hotmail.com,+97698516628,Oceania,New Zealand,$2b$12$haCqUuzH7eIycY4kVRRCte,False
115,Sarah,Garcia,sarah.garcia115@gmail.com,+83411232146,Europe,France,$2b$12$ckGiQMvfGZyYreO327gcJ6,False
116,Hiro,Kapoor,hiro.kapoor116@gmail.com,+35276908306,Asia,India,$2b$12$9rxP4k8Ye0N8m9ceBOkqyh,False
117,Vihaan,Petrov,vihaan.petrov117@icloud.com,+11925210044,North America,USA,$2b$12$kj76MQidx9DYwtYDTTTPYC,False
118,Diya,Suzuki,diya.suzuki118@yahoo.com,+03259691273,North America,Mexico,$2b$12$sFucwFGvSrOq9OIAUAXjY7,False
119,Rahul,Suzuki,rahul.suzuki119@outlook.com,+84285841616,Europe,Germany,$2b$12$pn7zRlAR3BezN2ZVkGJD57,False
120,Rohan,Said,rohan.said120@yahoo.com,+47848119541,North America,Canada,$2b$12$n70RxVK3S7zfE9ORMKdzfu,False
121,Lucas,Lopez,lucas.lopez121@yahoo.com,+26894410451,South America,Brazil,$2b$12$SXnOom7LmidEgKANmjgfeq,False
122,Fatima,Petrov,fatima.petrov122@outlook.com,+46893386261,Oceania,Australia,$2b$12$XLp5VW3U7u1gs3iFvgoHNP,False
123,Ahmed,Park,ahmed.park123@icloud.com,+43908206610,Oceania,New Zealand,$2b$12$itgayMwcnAwZL9kwfb5EOr,False
124,Emily,Li,emily.li124@outlook.com,+14170787990,Europe,France,$2b$12$d3OSHzAVovtG75Hm6tw2qC,False
125,Ngozi,Garcia,ngozi.garcia125@gmail.com,+37377933022,South America,Argentina,$2b$12$4tMc9zPFAzbrxwqNZ38OzO,False
126,Hiro,Mehta,hiro.mehta126@yahoo.com,+44877047247,Asia,Japan,$2b$12$iYHkAsvdavs9qu41dffCJv,False
127,Reyansh,Kulkarni,reyansh.kulkarni127@gmail.com,+78433644142,North America,USA,$2b$12$amMxhOME60c4dD38beorrz,False
128,Diego,Khan,diego.khan128@icloud.com,+58749947383,North America,Canada,$2b$12$tK0HuJM36r4YhIjEcsKsay,False
129,Hiro,Patel,hiro.patel129@yahoo.com,+21828054410,Asia,Japan,$2b$12$HViDmjhV5Px6EGNOEDtQPB,False
130,Min-jun,Pillai,min-jun.pillai130@yahoo.com,+34742264945,Asia,China,$2b$12$Siz9TS1LPDZSGhXuwhnhgb,False
131,Hiro,El-Masry,hiro.el-masry131@gmail.com,+01834505314,North America,USA,$2b$12$sU1oAZR4AkiRbCv49EJxWs,False
132,Yuki,Kowalski,yuki.kowalski132@outlook.com,+41572967073,Oceania,Australia,$2b$12$U4koxZNmwN7BegbhzrsVDT,False
133,Krishna,Tanaka,krishna.tanaka133@icloud.com,+78220674134,South America,Brazil,$2b$12$Hm6DZg0SpXU3n2VuvpD3Zj,False
134,Yuki,Taylor,yuki.taylor134@outlook.com,+91362893776,Asia,Japan,$2b$12$idMtVVmRV9Sw9rXx5WLnl6,False
135,Mateo,Thomas,mateo.thomas135@hotmail.com,+10312652024,Oceania,New Zealand,$2b$12$XF2WyZXDbTvwSYfZsJ1nn8,False
136,Sunita,Ibrahim,sunita.ibrahim136@gmail.com,+73250205456,Oceania,New Zealand,$2b$12$x6wMF9IFCxBCVcFIUPAgxp,False
137,Haruto,Suzuki,haruto.suzuki137@gmail.com,+38919125031,Oceania,New Zealand,$2b$12$mSDXi9Dpw0Sk9irTGB5X7r,False
138,Aditya,Verma,aditya.verma138@hotmail.com,+48925446940,Europe,France,$2b$12$0nXILh2rLk5tVVIhrLHKpH,False
139,Arnav,Suzuki,arnav.suzuki139@gmail.com,+99358549851,Africa,South Africa,$2b$12$fEfPJ0CkoY7dPDpF6mZfSe,True
140,Lucas,Taylor,lucas.taylor140@outlook.com,+46256057257,Asia,Japan,$2b$12$dcXJQj5YE3isdk0zO2Vyvg,True
141,Pierre,Said,pierre.said141@yahoo.com,+06236004907,South America,Brazil,$2b$12$Z9FE0vz3x5kEEt7D2nvDIo,False
142,Meera,Ndlovu,meera.ndlovu142@gmail.com,+04440727653,Africa,South Africa,$2b$12$tMrVD8o0EfRniGWpMalUaw,True
143,Deepak,Petrov,deepak.petrov143@outlook.com,+69992539981,Europe,UK,$2b$12$Fe8Fu8IQfjcFZ3JdMNLSIR,False
144,Olivia,Li,olivia.li144@icloud.com,+37731164480,Asia,China,$2b$12$Eje4Btsd6fnCwcuWp1wagY,False
145,Claire,Brown,claire.brown145@gmail.com,+72995321914,North America,Mexico,$2b$12$z8WbtSd9kX0FX2TRys1nzF,False
146,Ngozi,Thomas,ngozi.thomas146@icloud.com,+46857541240,Europe,France,$2b$12$yxLu9ly0DROuUoUhRg1Mcg,False
147,Aditya,Malhotra,aditya.malhotra147@outlook.com,+34489704754,Asia,China,$2b$12$l7Krrbm1LwbvxhLO9wrZvN,False
148,Neha,Novak,neha.novak148@hotmail.com,+44515268539,Africa,South Africa,$2b$12$T2tMiWcRmCeQDPvaKRPqSH,False
149,Santiago,Mensah,santiago.mensah149@gmail.com,+64002275959,Africa,South Africa,$2b$12$ngubSadjubNiXIfyi8KYxj,False
150,Arjun,Mensah,arjun.mensah150@icloud.com,+53742463794,Europe,Italy,$2b$12$ozVA5woEgPgNxwLR5rYZ97,False
151,Ngozi,Chatterjee,ngozi.chatterjee151@gmail.com,+24819487791,Europe,Spain,$2b$12$XsRWsYRE1fQWczGm2MrBgf,False
152,Deepak,Pillai,deepak.pillai152@icloud.com,+50206671368,Asia,Japan,$2b$12$U8rpQFiPnhCTGOoESGo7e4,False
153,Nadia,Mensah,nadia.mensah153@hotmail.com,+80408181084,Oceania,Australia,$2b$12$Sgpw7Gq5hYZxc27xlqiLGw,False
154,Pooja,Suzuki,pooja.suzuki154@yahoo.com,+46264230351,Oceania,New Zealand,$2b$12$OMaz1X17dqCFWSRjQXUKfj,False
155,Sophia,Said,sophia.said155@gmail.com,+16417702370,Europe,Germany,$2b$12$U1ZAKkKmXWd6XxBe6g5O4w,False
156,Fatima,Chen,fatima.chen156@hotmail.com,+83180195466,Europe,UK,$2b$12$3Avu7CDNIHxk9E8CLH7gGj,False
157,Ananya,Thomas,ananya.thomas157@gmail.com,+60528518229,South America,Brazil,$2b$12$1G5rkMjxtniOVyrjPYHAO4,False
158,Yuki,Khan,yuki.khan158@hotmail.com,+78691523224,Europe,Spain,$2b$12$9lD2NY9gLGrOgEzyM66Ru7,False
159,Sarah,Fernandez,sarah.fernandez159@hotmail.com,+96345256257,Europe,UK,$2b$12$902YVSNOy2NMTe4K6go6QO,False
160,Valentina,Chatterjee,valentina.chatterjee160@yahoo.com,+52572563383,North America,USA,$2b$12$zIHmJFtvVPDLoEIpkG6C30,False
161,Claire,Rodriguez,claire.rodriguez161@yahoo.com,+51957633781,Asia,China,$2b$12$U3zVitJcV5g9fhVQ6AJjQ9,False
162,Fatima,Mehta,fatima.mehta162@yahoo.com,+88116836932,Europe,Italy,$2b$12$L5y8HiwEe3oP5ALGVcwLf1,False
163,Olivia,Taylor,olivia.taylor163@yahoo.com,+92445266240,Asia,South Korea,$2b$12$NaajPGDIEvabQUopzNKIcA,False
164,Olivia,Muller,olivia.muller164@gmail.com,+29568777462,Europe,Germany,$2b$12$UKYR3JJIqBkAjE7CTB4nZS,False
165,Noah,Petrov,noah.petrov165@yahoo.com,+81881795385,South America,Brazil,$2b$12$3i34sMKdGOmwK5d6Y0cJw4,True
166,Santiago,Rossi,santiago.rossi166@hotmail.com,+12642712403,Asia,UAE,$2b$12$TOb2Ej24EPLsU95Qw45auI,False
167,Divya,Pillai,divya.pillai167@yahoo.com,+99830837165,Asia,India,$2b$12$JSFakVQOBrtQFiyZL1FE6F,False
168,Kavya,Okafor,kavya.okafor168@hotmail.com,+91493617258,Europe,UK,$2b$12$iyOvz2AsgyVsDO5YrkPpyg,False
169,Karan,Novak,karan.novak169@icloud.com,+64138264373,Asia,Japan,$2b$12$WjxzcWMHlddMUXXyapWVFb,False
170,Vivaan,Kowalski,vivaan.kowalski170@hotmail.com,+25786672246,Asia,UAE,$2b$12$WYoXN3MfOgq28DsypJAdLN,False
171,Rohan,Verma,rohan.verma171@outlook.com,+61738796513,Europe,Italy,$2b$12$P6RPnCA7DQHd6Pod6tbMbn,False
172,Krishna,Garcia,krishna.garcia172@yahoo.com,+83025699558,Europe,France,$2b$12$3cUMsrDH3qKQa39fqWYj4u,False
173,Diego,Dubois,diego.dubois173@icloud.com,+05478666522,Asia,Japan,$2b$12$swPmHejVxXT9i53AiiFafG,False
174,Hassan,Lopez,hassan.lopez174@yahoo.com,+76289629248,Europe,Italy,$2b$12$I18qumnB934COSpCIxDBdV,False
175,Omar,Desai,omar.desai175@outlook.com,+52036721710,Asia,China,$2b$12$3U5Adq0iHauhhkHQrYyTGS,False
176,James,Lopez,james.lopez176@outlook.com,+45222300303,Europe,Spain,$2b$12$89K7Rq5iDjW3YgqvhGcMJK,False
177,Yasmin,Nair,yasmin.nair177@hotmail.com,+50665680136,Europe,Spain,$2b$12$4WqJX0NfA1eKHnv8K6D0M4,False
178,Aadhya,Martin,aadhya.martin178@outlook.com,+89544045278,South America,Brazil,$2b$12$uxcoilt2xZY8F0ANYidkSD,False
179,Zola,Khan,zola.khan179@hotmail.com,+39197263712,Asia,India,$2b$12$rVakD4UQStB2TLfTwxPyJa,False
180,Sarah,Moore,sarah.moore180@icloud.com,+31366512921,Asia,India,$2b$12$lH7Vz8r3zfa8Nj9cuUd4Q6,False
181,Lukas,Said,lukas.said181@yahoo.com,+40382743653,Asia,UAE,$2b$12$ZZompjPdAKHEng9CKJwSxz,False
182,Saanvi,Desai,saanvi.desai182@icloud.com,+29194935632,Europe,Italy,$2b$12$XtRPbQXq4bl61ULmEJfKfh,False
183,Sarah,Li,sarah.li183@gmail.com,+56276190646,North America,Mexico,$2b$12$klf7XFwl6XUDbNEstd2kY8,False
184,Omar,Al-Farsi,omar.al-farsi184@icloud.com,+76687842265,Africa,South Africa,$2b$12$cMeZFbVV5E5PGwsMTczcyX,False
185,Sarah,Khan,sarah.khan185@gmail.com,+02977102857,North America,Canada,$2b$12$QhSaa4cqiKG09UCc5InHyv,False
186,Lucas,Bhatt,lucas.bhatt186@icloud.com,+44694593858,Asia,South Korea,$2b$12$CUk7djPjWTAC9XNiKcpRz9,False
187,Kavya,Kulkarni,kavya.kulkarni187@yahoo.com,+46363674437,Europe,France,$2b$12$6f21gx6bdF7rVQjrMDomIZ,False
188,Emma,Mehta,emma.mehta188@icloud.com,+55010880075,Europe,Germany,$2b$12$z5PzRBU8WieY0Jp2Bswsru,False
189,Rahul,Moore,rahul.moore189@gmail.com,+36213871589,North America,USA,$2b$12$PbwkO9WpFbzrFzQH6e6XSZ,False
190,Sunita,Park,sunita.park190@outlook.com,+71221135342,Oceania,Australia,$2b$12$dnaXvwLAN6u3Hx4Ehr0FIQ,False
191,Layla,Brown,layla.brown191@icloud.com,+19528891698,Asia,China,$2b$12$mfB5hS8fi1gUXtsGF1K8or,False
192,Min-jun,Taylor,min-jun.taylor192@gmail.com,+28445715852,Europe,Spain,$2b$12$oOc1V97eUFT2Ka1BCK4GmT,False
193,Haruto,Bhatt,haruto.bhatt193@yahoo.com,+05759650517,South America,Brazil,$2b$12$NeHW2rGZKAlcQ7LWPvGqnK,False
194,John,Joshi,john.joshi194@gmail.com,+19341292596,North America,USA,$2b$12$O9ork6Wu8RDxJfk6mk16Yg,False
195,Marco,Hassan,marco.hassan195@yahoo.com,+03322532432,Asia,South Korea,$2b$12$0qa5qOel2K9l325dgGhdYR,False
196,Krishna,Fernandez,krishna.fernandez196@yahoo.com,+49559623441,Asia,India,$2b$12$06iZcxsoShY2PfKMxwD9aF,False
197,Arnav,Bhatt,arnav.bhatt197@hotmail.com,+13978145443,Asia,South Korea,$2b$12$tIa4C8jKQXaNjAddVS3RKh,False
198,Ananya,Mensah,ananya.mensah198@yahoo.com,+08904579479,North America,Mexico,$2b$12$VogTKjIQESFvnqYxSwGLDU,False
199,Karan,Park,karan.park199@gmail.com,+82840783431,Oceania,New Zealand,$2b$12$515bVTztdZ0eKIkIYuS8Cg,False
200,Marco,Chopra,marco.chopra200@gmail.com,+90506966898,Europe,Germany,$2b$12$sivNmF9q2sMjq1KJFp5ya4,False
201,Jane,Brown,jane.brown201@icloud.com,+25826086782,Asia,UAE,$2b$12$c2qenOHjsnO1p3zft2YTyW,False
202,Ivan,Sharma,ivan.sharma202@icloud.com,+48182556831,South America,Brazil,$2b$12$SXIF76HmzFPtcY6ftAVVvt,False
203,Sarah,Gupta,sarah.gupta203@yahoo.com,+46773901091,Europe,Spain,$2b$12$zoBqdSWryybHC6xXylv2p0,False
204,Omar,Chatterjee,omar.chatterjee204@gmail.com,+68790456653,North America,Mexico,$2b$12$PUUGLeRSgGFteamonLAgfO,False
205,Mia,Moore,mia.moore205@gmail.com,+14257550641,Europe,France,$2b$12$5YUtRfkilwcYSNk1a9TmmR,False
206,Sanjay,Rodriguez,sanjay.rodriguez206@icloud.com,+27959129162,Africa,Nigeria,$2b$12$YCdEDu3vpPMMFtphlJzTXI,False
207,Sofia,Menon,sofia.menon207@hotmail.com,+34389550208,Oceania,Australia,$2b$12$gaoreWwUmaiDDB7OThCMK6,False
208,Anna,Okafor,anna.okafor208@hotmail.com,+23876055379,Oceania,Australia,$2b$12$Dx6uJbkdz5e81aa3Kk7INQ,False
209,Sanjay,Desai,sanjay.desai209@yahoo.com,+23380874587,Europe,Germany,$2b$12$mwhG9MQmH9fmSam6bAuypr,False
210,Valentina,Rao,valentina.rao210@hotmail.com,+20610946210,Asia,Singapore,$2b$12$VbiqZycGMCf2147tA7B1O5,False
211,Sanjay,Said,sanjay.said211@gmail.com,+30435534039,Europe,UK,$2b$12$aRXmTm44aFx3tShn9xV87b,False
212,Yasmin,Lopez,yasmin.lopez212@hotmail.com,+94951846637,South America,Brazil,$2b$12$oS58SgUqYHl09FYdqhrxAt,False
213,Mateo,Li,mateo.li213@outlook.com,+53272183678,Asia,China,$2b$12$Hnv0IbuZl5sNDMXjvJqx2o,False
214,Mia,Nair,mia.nair214@yahoo.com,+67890718021,South America,Brazil,$2b$12$lKga1rhODCBj1aDqNIxHoi,False
215,Zainab,Nair,zainab.nair215@hotmail.com,+60059546535,Asia,UAE,$2b$12$4MO94KXGoM42F6mczm7hHV,False
216,Deepak,Wilson,deepak.wilson216@hotmail.com,+02630183075,Oceania,New Zealand,$2b$12$gcI3bb5LRrtDnB7U1EWAMT,False
217,Reyansh,Moore,reyansh.moore217@outlook.com,+48357626711,Asia,India,$2b$12$Z5gXRTaE73oE15uXZjbcjT,False
218,Ishaan,Dubois,ishaan.dubois218@gmail.com,+61819642377,Europe,Spain,$2b$12$yQfLU8tHDvNJZbnJJ3PaE0,False
219,Lucas,Bhatt,lucas.bhatt219@gmail.com,+25926181243,Asia,Japan,$2b$12$2XDgn0vVcE6pbrdLlpKuO5,False
220,Zola,Kapoor,zola.kapoor220@icloud.com,+16090391070,Europe,UK,$2b$12$5T8Te7JaMpHObBdgnWzcUH,False
221,Ananya,Novak,ananya.novak221@yahoo.com,+84821979345,North America,Mexico,$2b$12$iIpN6tUbz3e5fDlbvKStEl,False
222,Mia,Rao,mia.rao222@yahoo.com,+42360320141,Asia,Japan,$2b$12$Tk1lPu9r6ZDEvACju28dTo,False
223,Omar,Verma,omar.verma223@hotmail.com,+35804144749,Africa,Nigeria,$2b$12$OM2RZXOzuvwrtJqvRugbV6,False
224,Riya,Anderson,riya.anderson224@yahoo.com,+10031029809,Asia,Japan,$2b$12$QdIqt5ZTFJ4OJg9Ywp87Ao,False
225,Hassan,Taylor,hassan.taylor225@yahoo.com,+24347756713,South America,Argentina,$2b$12$XM3HIiLwmWvn77EskMLMVD,False
226,Lakshmi,Li,lakshmi.li226@hotmail.com,+17465219213,Europe,UK,$2b$12$QOXUcM8IGLIy9eYjmLN5sb,False
227,Camila,Ndlovu,camila.ndlovu227@outlook.com,+92948605425,Asia,China,$2b$12$pHwp4IPUzT7SsWoeBFDqq5,False
228,Jin,Novak,jin.novak228@hotmail.com,+16804603208,Asia,Singapore,$2b$12$sWpgdp0CR7cg5JMvZOpOao,False
229,Wei,Bhatt,wei.bhatt229@gmail.com,+47589634845,Europe,Spain,$2b$12$mWTf4YAnAKNvgLRqNJFatx,False
230,Priya,Kowalski,priya.kowalski230@outlook.com,+19635418883,North America,USA,$2b$12$ZZ2CuEXMLAR1Pz06X2qApw,False
231,James,Khan,james.khan231@outlook.com,+20738819144,North America,Canada,$2b$12$TPaUllHo7jjVrSQlJHfV16,False
232,Ngozi,Reddy,ngozi.reddy232@hotmail.com,+96858884397,Oceania,Australia,$2b$12$flZsMvnMmiGllWGHijyyCi,False
233,Vivaan,Novak,vivaan.novak233@gmail.com,+95977157793,Asia,Singapore,$2b$12$3wYyDgPdU2w3RamNRfQYf2,False
234,Sofia,Rao,sofia.rao234@gmail.com,+39913917117,Europe,France,$2b$12$HMdMCxWpdEUi9P5DhlFKTX,False
235,Michael,Nakamura,michael.nakamura235@hotmail.com,+65835673645,Europe,France,$2b$12$VKbGY0ZaAMpzgma81zauAk,False
236,Hassan,Martinez,hassan.martinez236@hotmail.com,+83697952962,North America,USA,$2b$12$P901ZeIJgjJSmEegJIU4lv,False
237,Fatima,Mehta,fatima.mehta237@icloud.com,+32807506775,Oceania,Australia,$2b$12$1dZ6giQD9HOoukjh3eGFd0,False
238,Sophia,Agarwal,sophia.agarwal238@yahoo.com,+31036095291,North America,Mexico,$2b$12$FhhRMzzcbHwpxLsvrPd4Ip,True
239,Lakshmi,Martin,lakshmi.martin239@icloud.com,+92349293266,South America,Argentina,$2b$12$V6dmieTlxYLQg8fSNzZ3e7,False
240,Min-jun,Adeyemi,min-jun.adeyemi240@yahoo.com,+31350090473,Europe,Germany,$2b$12$oXYI1ZGlA3m9lPNmDiw7d2,False
241,Diya,Joshi,diya.joshi241@hotmail.com,+40768830315,Europe,Spain,$2b$12$QUr6pFc3RkPlBF5uaA5Xdd,False
242,Jin,Hassan,jin.hassan242@gmail.com,+19629741357,Europe,France,$2b$12$USIfr0imCTZKExcqndUvFm,False
243,Ishaan,Moore,ishaan.moore243@icloud.com,+27224143273,Africa,Nigeria,$2b$12$KiQTtnWnlv7CqFvPBKBDBy,False
244,Ahmed,Nair,ahmed.nair244@yahoo.com,+67628228360,North America,USA,$2b$12$7qXSGtD0lKVNiFl5vA1Am3,False
245,Min-jun,El-Masry,min-jun.el-masry245@icloud.com,+68758230677,Europe,Italy,$2b$12$OLeBCqIpDXTrmavbh81IWE,False
246,Krishna,Okafor,krishna.okafor246@yahoo.com,+71672494756,Europe,France,$2b$12$L4evhXYSLDbW37vmObdY7z,False
247,Sofia,Park,sofia.park247@hotmail.com,+66792965346,Europe,France,$2b$12$FHins0BSm72Dn8YFqMwPZE,False
248,Noah,Malhotra,noah.malhotra248@outlook.com,+32846008179,Europe,UK,$2b$12$cI1n7wQRlc6RNsgqHQtnp7,True
249,Valentina,Chopra,valentina.chopra249@gmail.com,+48492437080,Oceania,Australia,$2b$12$N9aCCyyebWBkv5C9khIQ8C,False
250,Vihaan,Anderson,vihaan.anderson250@gmail.com,+35149805506,Europe,Italy,$2b$12$mHtlfSNkI2YCdNG5ITGHty,False
251,Priya,Wang,priya.wang251@hotmail.com,+56227712582,Asia,China,$2b$12$sC6vC6jpEzvWEwD29pcbBM,False
252,Michael,Kim,michael.kim252@gmail.com,+28697912207,Europe,Italy,$2b$12$dFy5LAKiDulyNK7rRI24RA,False
253,Priya,Mehta,priya.mehta253@yahoo.com,+60114429254,Oceania,New Zealand,$2b$12$HOXo2XfqoJmsleCtFnr3Xq,False
254,Karan,Wang,karan.wang254@outlook.com,+38904146433,Europe,Spain,$2b$12$k8QERnAySlEZmhY2AcHsKi,False
255,Fatima,Kulkarni,fatima.kulkarni255@yahoo.com,+23360056226,Europe,Spain,$2b$12$XQOFn6qw5chVwJJZMAITxk,False
256,Saanvi,Ibrahim,saanvi.ibrahim256@gmail.com,+37115375311,Europe,Spain,$2b$12$E9gk9ZhnQWT1F2KDNALZ7J,False
257,Ali,Rodriguez,ali.rodriguez257@hotmail.com,+72588217635,Europe,Spain,$2b$12$aMpo2BXwLP3mIzC0iHy3no,False
258,Ishaan,Al-Farsi,ishaan.al-farsi258@hotmail.com,+17724301941,North America,Canada,$2b$12$fBaFnyLQdjtG2ieN8ZJbJC,False
259,Kavya,Sharma,kavya.sharma259@hotmail.com,+03939477009,Asia,Singapore,$2b$12$BEISledzFWAG8UQwj5IeDf,False
260,Jin,Dubois,jin.dubois260@icloud.com,+91699286916,North America,USA,$2b$12$8GWDbNOoSoQUiskToNzf2S,False
261,Mateo,Verma,mateo.verma261@gmail.com,+03048634372,Europe,Germany,$2b$12$q2RYladHW47LNsamdQFVj4,False
262,Kavya,Dubois,kavya.dubois262@outlook.com,+05842097101,Europe,Germany,$2b$12$S4OvMLlgOfgeM5EjFDKAGu,False
263,Sunita,Verma,sunita.verma263@yahoo.com,+38180729422,Europe,France,$2b$12$4HtaQxpDEXHRO0axSiByX7,False
264,Nadia,Wang,nadia.wang264@icloud.com,+84375640005,South America,Argentina,$2b$12$gnWkE686ijkVlAYE6Ex8Hl,False
265,Claire,Nair,claire.nair265@outlook.com,+57819965110,Asia,South Korea,$2b$12$NVZagMTOxUJ5wUiTTpd9eD,False
266,Jin,Iyer,jin.iyer266@gmail.com,+64110666101,Oceania,New Zealand,$2b$12$azYFoyfKavdoe5V5QEk74z,False
267,Lucas,Ibrahim,lucas.ibrahim267@hotmail.com,+77203817419,Europe,Italy,$2b$12$nyy4eNVVlzvzffb7zoXEwh,False
268,Arnav,Silva,arnav.silva268@gmail.com,+56036606972,Oceania,Australia,$2b$12$xOMyMV5GoijaInoStZivdH,False
269,Sakura,Nair,sakura.nair269@yahoo.com,+96019204556,North America,USA,$2b$12$hoT2H7UU9foBM9gosP76UV,False
270,Ling,Kowalski,ling.kowalski270@hotmail.com,+97000339308,Asia,Japan,$2b$12$zLkFs5wyy35A9U04uIrtCd,False
271,Sunita,Pillai,sunita.pillai271@outlook.com,+29788164675,South America,Argentina,$2b$12$nYkMVqC2Z5M3yLP8w2FgO8,False
272,Vivaan,Pillai,vivaan.pillai272@hotmail.com,+39682834832,Asia,Japan,$2b$12$CI55yVNOSusb1rPQR11a0m,False
273,Saanvi,Kulkarni,saanvi.kulkarni273@outlook.com,+99332052816,Oceania,Australia,$2b$12$OPdr4iofkN0Kr1wtFiwXL9,True
274,Marco,Moore,marco.moore274@icloud.com,+56146385301,Europe,Spain,$2b$12$WwV1NVF4oApgMhoVo1dCed,False
275,Noah,Malhotra,noah.malhotra275@outlook.com,+44871541650,North America,USA,$2b$12$Xe3LD4yyzO0Hr3LZAm6Qt0,False
276,Emily,Anderson,emily.anderson276@gmail.com,+47331296141,South America,Argentina,$2b$12$a5JKakSIhPUqQ8Do74CAZa,False
277,James,Joshi,james.joshi277@gmail.com,+41656422244,North America,Canada,$2b$12$tHOMw1OH6fS5PJwqH3ChDg,False
278,Valentina,Gupta,valentina.gupta278@hotmail.com,+60289931119,South America,Argentina,$2b$12$6HnMHFK51qo9NbGhblpeZB,False
279,Sai,Brown,sai.brown279@gmail.com,+88734885834,South America,Brazil,$2b$12$I1ZYmU9a110ymTMTpl3F05,False
280,Krishna,Hassan,krishna.hassan280@yahoo.com,+83742264370,Africa,Nigeria,$2b$12$Cq3SP7pwcyBCjYEB1E3n09,False
281,Deepak,Lopez,deepak.lopez281@gmail.com,+09650545055,Asia,India,$2b$12$U3TLV7LQe7Wkrnt2CAWx2U,False
282,Michael,Smith,michael.smith282@yahoo.com,+20976761482,Africa,South Africa,$2b$12$pNDv4yhzGhUofHjWezdx5O,False
283,Ali,Pillai,ali.pillai283@outlook.com,+90336126288,Europe,UK,$2b$12$HjtxJm9OtgKBPKNZGSw6zQ,False
284,Michael,Martinez,michael.martinez284@gmail.com,+35336212923,Asia,China,$2b$12$9vgopdHrgiqw8RSQXtgFan,False
285,Lucas,Ibrahim,lucas.ibrahim285@outlook.com,+61219972668,North America,Mexico,$2b$12$UFQFHsnqX8fHDIoamldwQ7,False
286,Lukas,Okafor,lukas.okafor286@icloud.com,+17158018065,South America,Argentina,$2b$12$Okwsn9ODBtzN5El7tfHXpr,False
287,Aadhya,Muller,aadhya.muller287@gmail.com,+38830119562,South America,Brazil,$2b$12$rY70o0t19S7iOdOv8EVseU,False
288,Hiro,Fernandez,hiro.fernandez288@gmail.com,+87746535397,Africa,Nigeria,$2b$12$nSC8vyTWhTE9NVvrWaJ89S,False
289,Wei,Novak,wei.novak289@yahoo.com,+77492502549,South America,Argentina,$2b$12$EYaXlTvUL5W4jxBbbcVBUZ,False
290,Emily,Anderson,emily.anderson290@icloud.com,+64467255095,Europe,Spain,$2b$12$c0nz7s6FaZcNCiFwgIcHoZ,False
291,Camila,Wilson,camila.wilson291@outlook.com,+26690415549,North America,Canada,$2b$12$656gFnfyAshzjcBe7Z5gCZ,False
292,Sanjay,Pillai,sanjay.pillai292@hotmail.com,+54028495545,Oceania,Australia,$2b$12$JtZt8gRa4wbZ75EdobcjIV,False
293,Marco,Desai,marco.desai293@gmail.com,+00455427604,Asia,India,$2b$12$KmLoC3i2qPqkBxFo8P0WSi,False
294,Karan,Garcia,karan.garcia294@hotmail.com,+77296468214,North America,Canada,$2b$12$K3fClX5dXw7alSWejucWPU,False
295,Wei,El-Masry,wei.el-masry295@gmail.com,+08969064235,Oceania,Australia,$2b$12$DNJRBOON2v2bEB1cnDYCNl,False
296,Laura,Rodriguez,laura.rodriguez296@hotmail.com,+61690863767,Oceania,New Zealand,$2b$12$6WcRiIR5erQqSlkHQm21fs,False
297,Ngozi,Chopra,ngozi.chopra297@gmail.com,+00632471941,Asia,China,$2b$12$IEpG7tnTJQOVTLCCqBLSVx,False
298,Lucas,Chen,lucas.chen298@icloud.com,+08146521740,South America,Argentina,$2b$12$TBwkqQneq9jiyx5ozsptpS,False
299,Pooja,Joshi,pooja.joshi299@yahoo.com,+15131767032,North America,USA,$2b$12$WkEq1gzuw6HxYWiCzBvZ9b,False
300,Vivaan,Adeyemi,vivaan.adeyemi300@gmail.com,+68275809421,North America,Canada,$2b$12$11wEgvo4gvD8Y6tqJvaYfm,True
301,John,Agarwal,john.agarwal301@yahoo.com,+98147513329,Europe,France,$2b$12$6TNipmNFwUWTgLnq8zWp8r,False
302,Isabella,Rao,isabella.rao302@gmail.com,+27977117774,Asia,UAE,$2b$12$lukLimRcBQBbj8Vv2ac2PL,False
303,Aarav,Park,aarav.park303@gmail.com,+50251102969,North America,Mexico,$2b$12$vYLAxvJOXzpIKreuef7Wcv,False
304,Zola,Ndlovu,zola.ndlovu304@outlook.com,+25836689658,North America,USA,$2b$12$p8BqNDlshR8YxEdwbU4lPL,False
305,Wei,Rossi,wei.rossi305@yahoo.com,+63652569519,Asia,UAE,$2b$12$zTQqXOtTNhkuczCWkJPB4t,False
306,Diya,Iyer,diya.iyer306@yahoo.com,+52733885381,South America,Argentina,$2b$12$zazb8oYhrhwLALXcAKGjmx,False
307,Sunita,Pillai,sunita.pillai307@icloud.com,+75848070619,South America,Brazil,$2b$12$O9wGtcyvjPqny7NAYbuHEP,False
308,Yuki,Rao,yuki.rao308@gmail.com,+71825012558,South America,Argentina,$2b$12$RC55D3NihenteLzLFqM6tt,False
309,Lakshmi,Kulkarni,lakshmi.kulkarni309@yahoo.com,+17021159685,Africa,Nigeria,$2b$12$FXGZegzobnq5Wv7ZpD5Cw4,False
310,Rohan,Tanaka,rohan.tanaka310@gmail.com,+03800809765,Asia,Singapore,$2b$12$OB1UvAcg7dZmHS9x5C1gqM,False
311,Fatima,Bhatt,fatima.bhatt311@outlook.com,+04894870665,Asia,Japan,$2b$12$RXwMM9hbJamFqqvQwXjgk4,False
312,Ali,Patel,ali.patel312@yahoo.com,+78539966141,Africa,South Africa,$2b$12$rbtQwxfPngS6L6yGwF3NbJ,False
313,Ananya,Wang,ananya.wang313@gmail.com,+58291091773,Europe,Spain,$2b$12$xHIK118Lrm04cnQkd9fn9g,False
314,Deepak,Patel,deepak.patel314@gmail.com,+03068987876,North America,Canada,$2b$12$XIHZbdmE7eAAmvmiG5zNP0,False
315,Rahul,Desai,rahul.desai315@icloud.com,+93493212581,South America,Argentina,$2b$12$Z4Y57UEtJZUGeqJxCseCBW,True
316,Fatima,Sharma,fatima.sharma316@gmail.com,+67871499696,Europe,France,$2b$12$gE0qtfJ1DzUByVr0qFpNAo,False
317,Zainab,Iyer,zainab.iyer317@hotmail.com,+09132706873,Oceania,New Zealand,$2b$12$U5bJSSnhFNrwGBDQ9Xava2,False
318,Hassan,Thomas,hassan.thomas318@icloud.com,+83650019949,Asia,China,$2b$12$Nn0IdjYrG3raf4LueRcfKN,False
319,Lukas,Mensah,lukas.mensah319@outlook.com,+09207327371,Africa,South Africa,$2b$12$J4qIswjXRSihWPbP8UrtUy,False
320,Diego,Lopez,diego.lopez320@yahoo.com,+03621744200,North America,USA,$2b$12$T7zJEFe9HoJyYVxSc7FONt,False
321,Divya,Iyer,divya.iyer321@hotmail.com,+60293739846,Asia,UAE,$2b$12$QyQfj5ThnHayuisseNqbb7,False
322,Rohan,Gupta,rohan.gupta322@icloud.com,+49386638788,Asia,China,$2b$12$h4kfH1euUeksYYRPbo5SoR,False
323,Sakura,Chatterjee,sakura.chatterjee323@gmail.com,+18829532306,Asia,India,$2b$12$SU8HdYaNXhXYOumRjPkuFk,False
324,Ivan,Al-Farsi,ivan.al-farsi324@icloud.com,+76537803989,Europe,France,$2b$12$XRb0SZLMxootsUGzST5tpa,False
325,Anna,Garcia,anna.garcia325@icloud.com,+14185207889,Oceania,New Zealand,$2b$12$jLYL9M2quYOE7VsLyzXQaJ,False
326,Neha,Fernandez,neha.fernandez326@gmail.com,+87894781631,Europe,Italy,$2b$12$OFsO6fL4yupnyVlo99oAzs,False
327,Rahul,Chatterjee,rahul.chatterjee327@gmail.com,+11871665695,Africa,South Africa,$2b$12$jdMcMfjayuut6AYoDdqebl,False
328,Vihaan,Chopra,vihaan.chopra328@hotmail.com,+65384766775,Asia,China,$2b$12$jtUjLwy5CqokXPqEFc4WHS,False
329,Saanvi,Verma,saanvi.verma329@gmail.com,+65378778303,North America,USA,$2b$12$g8N61KrQFzS3kIWuvauK8G,False
330,Yuki,Rao,yuki.rao330@hotmail.com,+78570665745,Africa,South Africa,$2b$12$sYllGYnaSKQyhuDA3ntlJX,False
331,Wei,Patel,wei.patel331@gmail.com,+67234233345,Europe,UK,$2b$12$2oATcSich2QWQXEYdKU9wl,False
332,Jane,Mensah,jane.mensah332@hotmail.com,+63847114341,Europe,France,$2b$12$SeWRQshLwyluZ3viclaPNW,False
333,Lakshmi,Agarwal,lakshmi.agarwal333@yahoo.com,+46723557368,Africa,South Africa,$2b$12$uZko42LLRZoelwoGiJSgrH,False
334,Isabella,Fernandez,isabella.fernandez334@gmail.com,+28336652098,Africa,South Africa,$2b$12$ePUwaF1s01rLcI26mPerZN,False
335,James,Kim,james.kim335@gmail.com,+85840123936,Oceania,Australia,$2b$12$y7VbeM2jHY1N96ZP9bfFP4,False
336,Camila,Suzuki,camila.suzuki336@gmail.com,+26514187982,Asia,China,$2b$12$Qo4ffS7Fic8rNunPTDFEKY,False
337,Marco,Moore,marco.moore337@outlook.com,+71976988109,South America,Argentina,$2b$12$SrpPOwZzuIlR36BqDgPAhH,False
338,Lakshmi,Fernandez,lakshmi.fernandez338@gmail.com,+24068856545,Europe,Spain,$2b$12$Soz3SXBEEBicZHHKz3DFGj,False
339,Riya,Gupta,riya.gupta339@icloud.com,+92465026679,South America,Brazil,$2b$12$klpjn6wXyZU0rftROR9nBE,False
340,Elena,Iyer,elena.iyer340@hotmail.com,+65338471121,Asia,Japan,$2b$12$jPd3fgk315Z5DaBnpQktyd,False
341,Min-jun,Anderson,min-jun.anderson341@yahoo.com,+66525141011,North America,Canada,$2b$12$RVIbWBq61BB4lzJvtgqwZu,False
342,Pooja,Wilson,pooja.wilson342@icloud.com,+45641079223,Asia,China,$2b$12$j0v5gb5gaNtEzsDqnnhGIb,False
343,Sakura,Suzuki,sakura.suzuki343@hotmail.com,+22477934303,Asia,India,$2b$12$CTas7AbGzne2YQb1DD2Aoo,False
344,David,Silva,david.silva344@hotmail.com,+24178901985,Europe,France,$2b$12$5HJKnA6j6qsaPtCKN7IlRd,False
345,Zola,Nakamura,zola.nakamura345@gmail.com,+35585067211,Europe,Italy,$2b$12$0sSjzRMac8G1eEJ5SMs9ur,False
346,Amit,Mehta,amit.mehta346@hotmail.com,+84590285071,Asia,Japan,$2b$12$S91lYvn56wbnHdoj7wxAaH,False
347,Claire,Pillai,claire.pillai347@outlook.com,+77842856165,North America,USA,$2b$12$4YpaV05JDUQUr3cfOJI41S,False
348,Lukas,Garcia,lukas.garcia348@icloud.com,+27179515552,Europe,UK,$2b$12$kfiMSXgruNc0eG5mQIYK0y,False
349,Priya,Kapoor,priya.kapoor349@outlook.com,+62556787782,South America,Argentina,$2b$12$kQ7AY2OXIXuGemJSbeaGud,False
350,Aadhya,Wang,aadhya.wang350@hotmail.com,+25470178335,Europe,Italy,$2b$12$XGaQ4z6zehesxBD1a3o7ig,False
351,Mei,Suzuki,mei.suzuki351@yahoo.com,+41587868201,Asia,Singapore,$2b$12$hs6CkNFRTWjENI87YoGXqS,False
352,Vihaan,Garcia,vihaan.garcia352@gmail.com,+96283520225,Asia,South Korea,$2b$12$pio591qWnhqiNQcgDhZyza,False
353,Sunita,El-Masry,sunita.el-masry353@gmail.com,+02536698266,Asia,South Korea,$2b$12$RSUHqetHhdneaEUEfvcMoy,False
354,Sophia,Moore,sophia.moore354@icloud.com,+57138804210,Asia,China,$2b$12$3KVv5SFJMjpQBWGePLwXvh,False
355,Anna,Kulkarni,anna.kulkarni355@hotmail.com,+56537693245,Asia,India,$2b$12$h3xzsTL339uKvRUp1r80by,False
356,Claire,Brown,claire.brown356@yahoo.com,+48054268500,Africa,Nigeria,$2b$12$yYSd0nwkjGfeWvO9dXgVsi,False
357,Saanvi,Taylor,saanvi.taylor357@hotmail.com,+46338001941,Oceania,New Zealand,$2b$12$owTQTb8Ag5XfB4QmRlvmQ5,False
358,Tendai,Joshi,tendai.joshi358@gmail.com,+39622071236,Europe,France,$2b$12$cLpUiwm2fKhLVUcVsQ7hw1,False
359,Krishna,Khan,krishna.khan359@gmail.com,+67233075491,Asia,UAE,$2b$12$iqI9sxXhutyJny4Z7QKnjH,False
360,Carlos,Joshi,carlos.joshi360@outlook.com,+96267338106,Oceania,New Zealand,$2b$12$zWa3kyw5Sc0PeWcAkaIQDv,False
361,Chidi,Al-Farsi,chidi.al-farsi361@hotmail.com,+95152863666,North America,USA,$2b$12$FjdjdVLlJEg86VYHXGkk0B,False
362,Tendai,Garcia,tendai.garcia362@icloud.com,+35043599461,South America,Argentina,$2b$12$TiBfngmLamQjI1WhjRvzDJ,False
363,Meera,Petrov,meera.petrov363@hotmail.com,+46694995037,Asia,India,$2b$12$BbfaqY8DbeYv2F2i1HBGuL,False
364,Tendai,Nair,tendai.nair364@yahoo.com,+59808385401,Oceania,New Zealand,$2b$12$VY8zV3bDRCgOzMaaL8N60r,False
365,Rohan,Lopez,rohan.lopez365@icloud.com,+55515014669,Asia,South Korea,$2b$12$gIMVG50KIbWQ3fjPEKANOl,False
366,Laura,Reddy,laura.reddy366@outlook.com,+83708379790,Africa,Nigeria,$2b$12$VEJMUsal7np1oCwOKFFZKF,False
367,James,Chatterjee,james.chatterjee367@icloud.com,+16517091485,Europe,UK,$2b$12$3fZmuaJZxPyV9SvZc90OMp,False
368,Lakshmi,Malhotra,lakshmi.malhotra368@gmail.com,+77949587168,North America,Mexico,$2b$12$AgvKwV0IvsHShBBro0AJcr,False
369,Vivaan,Chopra,vivaan.chopra369@gmail.com,+18187171592,Oceania,Australia,$2b$12$nu0J3AVjYLcQDa0HLJfuRv,False
370,Diego,Malhotra,diego.malhotra370@gmail.com,+14304212099,Asia,Japan,$2b$12$3tCBbYiD49oxJRpIZVY31F,False
371,Karan,Gupta,karan.gupta371@icloud.com,+38491272844,Asia,South Korea,$2b$12$8ER6c5Y9VjsaLBDTYe4xUK,False
372,Fatima,Fernandez,fatima.fernandez372@gmail.com,+47077897543,Europe,UK,$2b$12$BnlTtoa0yvxLDHrs1B80SH,False
373,Olivia,Patel,olivia.patel373@icloud.com,+83503245741,Europe,Germany,$2b$12$ZdESgleEHDdE3bWqedazEM,False
374,Jane,Taylor,jane.taylor374@hotmail.com,+50872203091,Africa,Nigeria,$2b$12$fOTePhBP1GAZnmChbwjNIE,False
375,Tendai,Said,tendai.said375@gmail.com,+65281876842,Europe,Spain,$2b$12$EgyewQ9sqP4sZtNnq8yaVh,False
376,Ishaan,Dubois,ishaan.dubois376@icloud.com,+19483983472,Asia,South Korea,$2b$12$gZvi8rNqKRUzM00UyG7pQX,False
377,Zainab,Mensah,zainab.mensah377@gmail.com,+02513900400,Europe,Spain,$2b$12$D1AZNdZRnRF6sqdW9Qw2pQ,False
378,Carlos,Menon,carlos.menon378@gmail.com,+11815766380,Europe,France,$2b$12$L08wfjTwiYOiSN9983XPHX,False
379,Emma,Dubois,emma.dubois379@outlook.com,+18011015609,Europe,UK,$2b$12$7hiEsGtW3rVgXRSEg0gDk0,False
380,Sanjay,Al-Farsi,sanjay.al-farsi380@yahoo.com,+06854128307,Oceania,Australia,$2b$12$JFtWnS8qQt53tofR5iYUDn,False
381,Aarav,Malhotra,aarav.malhotra381@yahoo.com,+60010616197,Oceania,Australia,$2b$12$OKYIdmxEv2rQw94WVNKIb6,False
382,Lukas,Moore,lukas.moore382@gmail.com,+34005063155,North America,Mexico,$2b$12$8G1ygZF6nDPi9LkT2xLUjG,False
383,Elena,Rossi,elena.rossi383@hotmail.com,+71582874892,Europe,Italy,$2b$12$IssNUyjWkatYUtG7SVfog8,False
384,Rahul,Wilson,rahul.wilson384@gmail.com,+90103966053,Asia,South Korea,$2b$12$vEIGd4x4VRR8suPoXb3vaL,False
385,Aditya,Malhotra,aditya.malhotra385@yahoo.com,+42295407436,Europe,Italy,$2b$12$rsDJicCvKUMg9SdV2JZ277,False
386,Ananya,Ndlovu,ananya.ndlovu386@outlook.com,+15840205316,South America,Brazil,$2b$12$mcOQJo6zTM3SN0dRKWnLrh,False
387,Sai,Petrov,sai.petrov387@outlook.com,+13902352909,Europe,France,$2b$12$JbfG3SagAAcphJOyJm0aFt,False
388,Isabella,Kowalski,isabella.kowalski388@hotmail.com,+50112363722,North America,Canada,$2b$12$BGO5IoGF1J1OJupgH5a71B,False
389,Tendai,Petrov,tendai.petrov389@yahoo.com,+23822961811,Europe,Spain,$2b$12$tJ1bBcNetTUoFlKaYbLznH,False
390,Aadhya,Ndlovu,aadhya.ndlovu390@hotmail.com,+46171704626,Asia,South Korea,$2b$12$iJNCwC7UarboW0CQwDZrti,False
391,Carlos,Moore,carlos.moore391@hotmail.com,+66377379877,Europe,UK,$2b$12$ncY0AKpcFj0rTqhIlys2FS,False
392,Priya,Kapoor,priya.kapoor392@yahoo.com,+82713928420,Africa,Nigeria,$2b$12$K4B135R8UtjnJkoMuQ9fNY,False
393,Jane,Li,jane.li393@yahoo.com,+54502039160,North America,USA,$2b$12$iWFMdBwjVF2jTLOtQpVBDK,False
394,Ling,Joshi,ling.joshi394@outlook.com,+59315288666,North America,Canada,$2b$12$fwm7Aab4janne9dTZNiTuz,False
395,Hassan,Martin,hassan.martin395@outlook.com,+74930669345,Asia,Japan,$2b$12$pWJjzX66i1JTxOqGnyz1MO,False
396,Amara,Hassan,amara.hassan396@gmail.com,+37474295753,Asia,Japan,$2b$12$rADWldFYTYyoOc3SFmp9aa,False
397,Vihaan,Novak,vihaan.novak397@outlook.com,+93940095386,Europe,France,$2b$12$voPcWWoJP0T7hLVonf91hp,False
398,Anika,Bhatt,anika.bhatt398@gmail.com,+66107071276,Europe,France,$2b$12$C3Z2ZMsLE6BUkQCBUEdy76,False
399,Deepak,Mehta,deepak.mehta399@outlook.com,+76082181547,North America,Canada,$2b$12$MNqWLc60fzUTkc93TOQCQs,False
400,Lakshmi,Silva,lakshmi.silva400@icloud.com,+01447619499,Asia,UAE,$2b$12$ftssDizClCPzaRJAbfe0tA,False
401,Claire,Sharma,claire.sharma401@outlook.com,+05443541218,Europe,Italy,$2b$12$ROd5qVZHkHp0UZZlbMM1NX,True
402,Valentina,Kim,valentina.kim402@hotmail.com,+63302901850,North America,Mexico,$2b$12$vhcBaGypKQcD6sWuq1w1OY,False
403,Divya,Garcia,divya.garcia403@yahoo.com,+47336592216,Europe,Italy,$2b$12$Y4I7dEyf2XUNLxQ8pug4GK,False
404,Anna,Suzuki,anna.suzuki404@icloud.com,+53631544492,Oceania,Australia,$2b$12$qcX1vVJNkMjnwn4b4j1u5H,False
405,Sarah,Wilson,sarah.wilson405@icloud.com,+25015561841,Europe,France,$2b$12$EiAI8qfpp6j9hYzdMTZlMJ,False
406,Sarah,Okafor,sarah.okafor406@icloud.com,+32444499498,Africa,South Africa,$2b$12$B3AxG51RfsafZYgCrexgT7,False
407,Sophia,Brown,sophia.brown407@hotmail.com,+82430064860,Europe,France,$2b$12$ApE7jQfsBxlWPAzeOos1NR,False
408,Saanvi,El-Masry,saanvi.el-masry408@hotmail.com,+84596014017,Europe,UK,$2b$12$qFapXDNW6fK9m1JtW1iQ6P,False
409,Lukas,Moore,lukas.moore409@outlook.com,+11502969362,Europe,France,$2b$12$HiB4XBtX7sYtZ7PEtddZPo,False
410,Vivaan,Verma,vivaan.verma410@icloud.com,+31812443329,Europe,Spain,$2b$12$I2O4hePKQ8g5dGZQnL3m6O,False
411,Kavya,Tanaka,kavya.tanaka411@icloud.com,+59968194720,North America,Mexico,$2b$12$fu1u6Av0WoWp3aPjP8PAZm,False
412,Neha,Gupta,neha.gupta412@outlook.com,+84160477438,Asia,South Korea,$2b$12$H7wbBEYXvVilLRYMhPAqvY,False
413,Deepak,Rossi,deepak.rossi413@gmail.com,+10184010840,Europe,Spain,$2b$12$lIfSj621vWiridwJ1czSmT,False
414,Diya,Nakamura,diya.nakamura414@gmail.com,+26580003762,South America,Brazil,$2b$12$JIhk22CKHFSJhf0TmdnJKk,False
415,Vivaan,Brown,vivaan.brown415@yahoo.com,+66174037627,Asia,India,$2b$12$kmBoCa63uXHbrdRWMaoDig,False
416,Ali,Chen,ali.chen416@gmail.com,+34098157529,Asia,China,$2b$12$sKf9Ckb7K1W93V01pK91gg,False
417,Anna,Li,anna.li417@yahoo.com,+23385799899,Asia,India,$2b$12$mTyMidVscnuz3mLrEsvLKi,False
418,Ananya,Agarwal,ananya.agarwal418@gmail.com,+96117389672,Europe,UK,$2b$12$jo3tJBvcB96sHr5I50uCJp,False
419,Sunita,Bhatt,sunita.bhatt419@icloud.com,+49829485613,South America,Brazil,$2b$12$ZJmDYAS9u9zIVeRJO7E5Jn,False
420,David,Anderson,david.anderson420@gmail.com,+78006480307,North America,Mexico,$2b$12$Ol3jEYaEFuPuxrM2lzop8S,False
421,Nadia,Mehta,nadia.mehta421@hotmail.com,+81380981160,South America,Brazil,$2b$12$6NPSOYugEacdeRL5ruEW5T,False
422,Omar,Garcia,omar.garcia422@yahoo.com,+50537846692,Oceania,New Zealand,$2b$12$F8lDpkyVtYLRp1mxWQsqAB,False
423,Diego,Nair,diego.nair423@gmail.com,+23782165318,South America,Argentina,$2b$12$dpjjvcPPn2KtmA7abz4rUJ,False
424,Jin,Fernandez,jin.fernandez424@hotmail.com,+87524024409,Asia,India,$2b$12$m4kFPP0ROjtvxhfBS36D3C,False
425,Noah,Smith,noah.smith425@icloud.com,+25448783245,Europe,Spain,$2b$12$DmMtE6HsPTLcoh7tD39n1T,False
426,Anika,Kim,anika.kim426@hotmail.com,+34157589908,Africa,South Africa,$2b$12$MkQLBKnMjrEk42DJsn7z7e,True
427,Kwame,Chopra,kwame.chopra427@icloud.com,+34428699475,Europe,France,$2b$12$gDWA0i1BrNW5fRtFCVyrEP,False
428,Camila,Wilson,camila.wilson428@outlook.com,+47697691734,Asia,India,$2b$12$0aJeMM1lXQPNIdYygM6SpY,False
429,Aditya,Garcia,aditya.garcia429@hotmail.com,+72843349158,South America,Argentina,$2b$12$0uGZjvCakLqoshNqOZD4m7,False
430,Yasmin,Agarwal,yasmin.agarwal430@gmail.com,+45316954198,Oceania,Australia,$2b$12$ts8CUXBtExzo4JXOvt8bsT,False
431,Krishna,Menon,krishna.menon431@icloud.com,+93642235174,Oceania,Australia,$2b$12$HMbnLtD7NNmK7NW73vsrVx,False
432,Zainab,Tanaka,zainab.tanaka432@hotmail.com,+82039378262,North America,Canada,$2b$12$YXPhSmIodNBNExar2UCb9T,False
433,Isabella,Chopra,isabella.chopra433@yahoo.com,+32682284571,Africa,South Africa,$2b$12$bnk37zlNqhqpdRvIIVVIZJ,False
434,Diya,Pillai,diya.pillai434@yahoo.com,+83647611852,North America,Mexico,$2b$12$b1VAx3AxTuzWnaukweKFqM,False
435,Sophia,Moore,sophia.moore435@hotmail.com,+11993241569,Asia,South Korea,$2b$12$iaDk1sAsAg5ky0AResVqze,False
436,Ananya,Kim,ananya.kim436@gmail.com,+31136074741,Oceania,Australia,$2b$12$Fv1yZ40UKDfixOa69ef0ml,False
437,Hiro,Al-Farsi,hiro.al-farsi437@icloud.com,+05588132100,Asia,UAE,$2b$12$lRilyL9opHzLpM5QTe3RMj,False
438,Nadia,Ibrahim,nadia.ibrahim438@yahoo.com,+51117691246,Oceania,Australia,$2b$12$IPMhcDSxQ73NTffRXmKrgx,False
439,Reyansh,Okafor,reyansh.okafor439@gmail.com,+12403754495,Europe,Spain,$2b$12$BW16g5GkOdCZ8rkKj8ulox,False
440,Liam,Patel,liam.patel440@yahoo.com,+59104321866,Europe,Spain,$2b$12$T1TOq69NWsBXAV15sDxFUu,False
441,Anna,Brown,anna.brown441@icloud.com,+13656647209,Europe,Spain,$2b$12$oqV9g8bGi7VwQ0nNsSJSNN,False
442,Sunita,Sharma,sunita.sharma442@yahoo.com,+02123149194,Europe,Italy,$2b$12$f0kyF0NlrmKSRUR34rsdqF,False
443,Diya,Sharma,diya.sharma443@outlook.com,+54315955631,Asia,UAE,$2b$12$O2K8I1YE21tnh5BJqyyKkW,False
444,Michael,Joshi,michael.joshi444@icloud.com,+58388257469,Asia,India,$2b$12$yoagqT07sNqiHNVhUsrbmE,True
445,David,Nakamura,david.nakamura445@gmail.com,+68888201265,South America,Brazil,$2b$12$ltGg2tVOUrkioHMU7ZwD7S,False
446,Fatima,Adeyemi,fatima.adeyemi446@hotmail.com,+40637120294,Asia,China,$2b$12$zZiP6GMdLr9ttyR6vmVHC9,False
447,Lakshmi,Lopez,lakshmi.lopez447@yahoo.com,+42269774078,Europe,Spain,$2b$12$EM8m37Dukc9APouYOnaYec,False
448,Marco,Al-Farsi,marco.al-farsi448@hotmail.com,+50792173772,Europe,UK,$2b$12$s5Nc46Rea2YZEKkcnMyMBI,False
449,Laura,Martinez,laura.martinez449@gmail.com,+05483287697,Asia,South Korea,$2b$12$6N78M9pGefiizS98lBAgcv,False
450,Pooja,Chopra,pooja.chopra450@gmail.com,+87406796551,Africa,South Africa,$2b$12$1xx9xQ8hFuhdOOIPSdcuJ3,False
451,Marco,Okafor,marco.okafor451@hotmail.com,+00972442436,Africa,South Africa,$2b$12$8ZsJhEg9BSg7GewnebS1OR,False
452,Nadia,Adeyemi,nadia.adeyemi452@icloud.com,+70498770978,Europe,France,$2b$12$clc8T74nFOTPCa6QZng3XZ,False
453,Sarah,Iyer,sarah.iyer453@icloud.com,+92064029326,Asia,India,$2b$12$B4nUEkSwjRVu7Sbu8l7GPQ,False
454,Aditya,Martin,aditya.martin454@hotmail.com,+63851380064,South America,Brazil,$2b$12$FGJNTBBWUOCJJAlHBd7Phm,False
455,Ling,Okafor,ling.okafor455@outlook.com,+24132569032,Asia,Singapore,$2b$12$J1EYhGZ0oPci3Tm99cbpXL,False
456,Yuki,Martin,yuki.martin456@gmail.com,+55897108920,North America,Canada,$2b$12$FzDNdKnWmeABG1RwTFnban,False
457,Saanvi,Okafor,saanvi.okafor457@yahoo.com,+65857701712,Asia,South Korea,$2b$12$YCCypSaL62w0oovbq0Vutv,False
458,Min-jun,Novak,min-jun.novak458@hotmail.com,+72104679672,North America,USA,$2b$12$hj9QQr1k8FuUzqQSLCuz2w,False
459,Chidi,Martin,chidi.martin459@yahoo.com,+33092430921,North America,Mexico,$2b$12$7jkua2vgM79gXwZLTZ3iSi,False
460,Rohan,Patel,rohan.patel460@outlook.com,+31913200520,Asia,UAE,$2b$12$6Mls3NoYSer0vcL3I8hPO9,False
461,Hassan,Chatterjee,hassan.chatterjee461@gmail.com,+22493770545,North America,Mexico,$2b$12$GYjcSa2bQCOMBDFPSBvcWo,False
462,Diya,Joshi,diya.joshi462@outlook.com,+14195059728,Europe,Spain,$2b$12$A9WvDuMj79soHONcSevS2N,False
463,Carlos,Martin,carlos.martin463@yahoo.com,+12197562089,Asia,South Korea,$2b$12$jQcoh9wIX89kyzXuoUEUxE,False
464,Noah,Park,noah.park464@gmail.com,+00507922832,Asia,UAE,$2b$12$abakvdj00r6hbvqe08qtS5,False
465,Aarav,Moore,aarav.moore465@gmail.com,+08908113486,Asia,China,$2b$12$rQbJ9DNQNQ2a244wKv0ztQ,False
466,Anna,Kapoor,anna.kapoor466@outlook.com,+15862144311,North America,Canada,$2b$12$dxmxBd1zwj91DuC7nQ4U16,True
467,Kavya,Kulkarni,kavya.kulkarni467@yahoo.com,+59549675756,South America,Argentina,$2b$12$doiJzcIgzw3QMZlpUUbnoa,False
468,Ling,Ibrahim,ling.ibrahim468@gmail.com,+67826058626,Oceania,Australia,$2b$12$Pd0KVE8qIaZJkY9e0TvNWD,False
469,Priya,Verma,priya.verma469@outlook.com,+34261497490,Africa,South Africa,$2b$12$Pc55nDoyr1R0XTkZWhfVyu,False
470,Lukas,Joshi,lukas.joshi470@gmail.com,+93896672134,South America,Brazil,$2b$12$y1wwydczbUAFuVAcEkKIDx,False
471,Zainab,Adeyemi,zainab.adeyemi471@gmail.com,+72500988356,Asia,China,$2b$12$KQ27fOfzTHY48PPXosvUvi,False
472,Camila,Iyer,camila.iyer472@gmail.com,+27644389973,Africa,South Africa,$2b$12$XUK2X3qhvZ5g1DYQdEfvUQ,False
473,Sophia,Anderson,sophia.anderson473@outlook.com,+72824003508,Asia,India,$2b$12$ROaKEGnRLydewH9SEskie4,False
474,James,Joshi,james.joshi474@icloud.com,+19231870168,North America,Mexico,$2b$12$a1KM7Wj8kJNpNN84yQYbQ4,False
475,Min-jun,Nair,min-jun.nair475@yahoo.com,+12513047424,Africa,South Africa,$2b$12$hUdyY9TSqZO6LcFWWxk1Z2,False
476,Valentina,Anderson,valentina.anderson476@yahoo.com,+51119713418,Europe,Spain,$2b$12$PZyWEXjsnzYhTZPOiLop1M,False
477,Chidi,Tanaka,chidi.tanaka477@yahoo.com,+92025832200,Oceania,Australia,$2b$12$9Cw9M1cGYYSkHgXNmTSdfm,False
478,Vivaan,Malhotra,vivaan.malhotra478@yahoo.com,+46029965532,Europe,Italy,$2b$12$eH2dMAZDP5itqkOaxhMUCB,False
479,Fatima,Reddy,fatima.reddy479@hotmail.com,+36666068652,Africa,South Africa,$2b$12$Bmx5cWkhrqt04Qj60eyWfe,False
480,Rohan,Menon,rohan.menon480@yahoo.com,+74241973703,Asia,Japan,$2b$12$LuBUHShapmuWjhmumlJgjZ,False
481,Pooja,Al-Farsi,pooja.al-farsi481@hotmail.com,+60785273760,Asia,India,$2b$12$bdeHRQQdvNQu0ZVX8XKywY,False
482,Isabella,Mensah,isabella.mensah482@icloud.com,+00020991376,Europe,France,$2b$12$sNFxBfReepGs25y9fiv6FR,False
483,Amit,Malhotra,amit.malhotra483@icloud.com,+59665525931,Africa,Nigeria,$2b$12$OE57BSMKgm9pO4Ln1cSqND,False
484,Mateo,Pillai,mateo.pillai484@outlook.com,+57957244378,North America,Canada,$2b$12$JxG6Zz63MKcGnj1qM1LWWB,False
485,James,Chatterjee,james.chatterjee485@hotmail.com,+31889277789,Asia,India,$2b$12$54uYlgGLKXyY3fBnOzrpvg,False
486,Neha,Smith,neha.smith486@icloud.com,+40188032365,Europe,Italy,$2b$12$gM6F5j8KUdLx3X13Spr1L3,False
487,Karan,Mehta,karan.mehta487@hotmail.com,+44660134986,Asia,Japan,$2b$12$XLj8ppjex01Etv4dde3f6l,False
488,Mei,Patel,mei.patel488@yahoo.com,+01456184508,Europe,France,$2b$12$H8hrTY4bWtI43lDrMZthdd,False
489,Diego,Tanaka,diego.tanaka489@gmail.com,+52330988354,Asia,UAE,$2b$12$w7pzPOqhjnfCOP4sO2bWfI,False
490,Haruto,Smith,haruto.smith490@gmail.com,+45470188834,Europe,Italy,$2b$12$ZCIMJT1iz0xEU5p7Sb1xrG,False
491,Lukas,Chatterjee,lukas.chatterjee491@icloud.com,+02734147559,Europe,UK,$2b$12$JHdYviJMg6L9Pam8IheHKp,False
492,Kwame,Agarwal,kwame.agarwal492@outlook.com,+22649013484,Europe,UK,$2b$12$mLBcdoIsa4QKpR6Psy5ang,False
493,Sofia,Rossi,sofia.rossi493@yahoo.com,+41455641116,Asia,UAE,$2b$12$NCi6Ip6RiZd4ysd5IL0FrW,False
494,Haruto,Li,haruto.li494@yahoo.com,+88306063867,Europe,France,$2b$12$Go0YpO5Xm1dMFcTs02KMd3,False
495,Pooja,Anderson,pooja.anderson495@yahoo.com,+48563483033,Europe,Spain,$2b$12$QxfF31gVfxBbi2NWJBbHVm,False
496,Noah,Kapoor,noah.kapoor496@icloud.com,+40134033022,Asia,Singapore,$2b$12$Ez1kgnj0qwpYPDXeQwxjgR,False
497,Ananya,Rodriguez,ananya.rodriguez497@hotmail.com,+17056855782,Europe,Spain,$2b$12$04pVgWJ1eWCJHSLzAeSRJS,False
498,Jane,Adeyemi,jane.adeyemi498@icloud.com,+74069109527,Europe,Italy,$2b$12$qn570dITc8WtF40Z9U57bO,False
499,Nadia,Verma,nadia.verma499@yahoo.com,+33251330709,Europe,Germany,$2b$12$uEkPZzRuUf2xFXb6M8ImKJ,False
500,Sophia,Rossi,sophia.rossi500@outlook.com,+03036057416,Europe,Spain,$2b$12$5JzkuKwwa6ZpiZZ3HTTnGq,False
501,Rohan,Said,rohan.said501@gmail.com,+10420759448,Asia,UAE,$2b$12$U8eeqha8KWJUQjjEx0suGl,False
502,Ahmed,Iyer,ahmed.iyer502@icloud.com,+03728248290,Asia,Japan,$2b$12$1a0M3s31CrmjK7J7UQS51k,False
503,Marco,Garcia,marco.garcia503@outlook.com,+25599663860,Oceania,New Zealand,$2b$12$KC2mYD5Xv0laFyh9cKqsny,False
504,Kwame,Nair,kwame.nair504@outlook.com,+83448230305,South America,Argentina,$2b$12$PtSBWBwFQC4Fsbydcxs2TX,False
505,Deepak,Gupta,deepak.gupta505@outlook.com,+84990553830,North America,USA,$2b$12$Hg0EALkDLRF99ffFZFnI6k,False
506,Mia,Nair,mia.nair506@yahoo.com,+52357230356,Europe,Italy,$2b$12$BNycPTOPOub9mZHHb9GZWi,False
507,Mei,Moore,mei.moore507@icloud.com,+20560504677,Europe,France,$2b$12$6KlKMOt6oEZezDVWXwEbZs,False
508,Amit,Li,amit.li508@outlook.com,+72833730765,Asia,South Korea,$2b$12$CQWfVxziSDgiSgGR4jsj2K,False
509,Sanjay,Taylor,sanjay.taylor509@hotmail.com,+16155791159,Europe,France,$2b$12$8cRcgAwweHv9WAVJE4KDJW,False
510,Rahul,Menon,rahul.menon510@gmail.com,+14436248308,Oceania,New Zealand,$2b$12$TIkNA54a934EqL2B9q0e06,False
511,Claire,Kapoor,claire.kapoor511@yahoo.com,+27750964877,Europe,France,$2b$12$RMz2hsirGuAovEn632aEXv,False
512,Carlos,Mensah,carlos.mensah512@icloud.com,+16203117531,Asia,Japan,$2b$12$oLaLBQQHKb8e88SUb6GvPH,False
513,Chidi,Petrov,chidi.petrov513@gmail.com,+76511109369,North America,Mexico,$2b$12$wth4PrSRikogZjYGh0k9aM,False
514,Santiago,Garcia,santiago.garcia514@gmail.com,+93440753570,Oceania,Australia,$2b$12$tH0WrdrYFVEGebRmwwN6UN,True
515,Marco,Iyer,marco.iyer515@icloud.com,+68760774561,Oceania,Australia,$2b$12$ZFjE8Wvu4f5PYuOubC8pk5,False
516,Ishaan,Fernandez,ishaan.fernandez516@yahoo.com,+27924912026,South America,Argentina,$2b$12$408947UtCxFRoaL91aLGAP,False
517,Amara,Said,amara.said517@yahoo.com,+39887759071,Europe,Italy,$2b$12$A44NCL3s1KdUmF6WRe1ud7,False
518,Sai,Tanaka,sai.tanaka518@outlook.com,+32670620452,North America,Canada,$2b$12$luiM1G162kmsN1tPlHWykz,False
519,Emily,Rao,emily.rao519@gmail.com,+39398357443,South America,Brazil,$2b$12$V5MPA5181H7LLOl0wO0hs6,False
520,Ling,Dubois,ling.dubois520@gmail.com,+10372135221,Asia,China,$2b$12$wOI1FAbDKQWWCepz8V39ia,True
521,John,Thomas,john.thomas521@gmail.com,+32893003453,Oceania,New Zealand,$2b$12$Jq1CanvbtH3OfzVwI9iDLX,False
522,Saanvi,Gupta,saanvi.gupta522@gmail.com,+32560466556,Asia,UAE,$2b$12$ZrCZ0ZPqwOpQFBwVCtxEM9,False
523,Anika,Joshi,anika.joshi523@gmail.com,+35341312459,Asia,Japan,$2b$12$vl8j4iw9kjLlbR7V7GM8Fc,False
524,Isabella,Taylor,isabella.taylor524@hotmail.com,+08376919086,Oceania,New Zealand,$2b$12$oM1LztQ3rIApzfGgD3jpS4,False
525,Divya,Patel,divya.patel525@yahoo.com,+43087979847,Africa,Nigeria,$2b$12$7ho9FZahmf3XyegqTXH45V,False
526,Lakshmi,Pillai,lakshmi.pillai526@gmail.com,+27646264390,Asia,India,$2b$12$e34ILWKvRWiQkJg9PDFMhF,False
527,Nadia,Martin,nadia.martin527@gmail.com,+72211189508,North America,USA,$2b$12$SqDuj8KyuQgJo3WUjfCwSS,False
528,Saanvi,Petrov,saanvi.petrov528@outlook.com,+65943757683,North America,Canada,$2b$12$ykuFptoeL975OUdmR94Ng7,False
529,Ivan,Iyer,ivan.iyer529@icloud.com,+04682788896,Asia,China,$2b$12$tcVksP74kkYteKO9EXH5EP,False
530,Nadia,Park,nadia.park530@yahoo.com,+34726564707,Asia,South Korea,$2b$12$72yFKhoReLEE0rXW9YFwW5,False
531,Ling,Rossi,ling.rossi531@gmail.com,+88930602756,North America,USA,$2b$12$rwEgtkVELeJSQXhID3Q7bB,False
532,Kavya,Rodriguez,kavya.rodriguez532@yahoo.com,+71754455321,North America,Mexico,$2b$12$RfOoeOAzuQMPWLej9rAx9Z,False
533,Aadhya,Rossi,aadhya.rossi533@outlook.com,+32591309724,South America,Brazil,$2b$12$DQIN7PgFYcwmSiMd5tzWxh,True
534,Pooja,Chopra,pooja.chopra534@gmail.com,+79526660709,South America,Argentina,$2b$12$4gEhRq5mPahr29MutnvEQo,False
535,Jin,Rodriguez,jin.rodriguez535@icloud.com,+85608227945,North America,USA,$2b$12$cIpyS3H5qS8nTD2s7XRbfP,False
536,Aadhya,Kowalski,aadhya.kowalski536@hotmail.com,+52593778797,Asia,Japan,$2b$12$Du0DCu8wqPcKJpVc81kEmM,False
537,Mia,Pillai,mia.pillai537@yahoo.com,+97889579318,North America,Canada,$2b$12$vE7M1MDafHFF0fOUOozdkX,False
538,Rohan,Chen,rohan.chen538@icloud.com,+64704229513,South America,Brazil,$2b$12$M1QoYQlaVSfC4XYyhvQ0Nc,False
539,Mei,Tanaka,mei.tanaka539@yahoo.com,+29233175436,Africa,Nigeria,$2b$12$KlLzHKNa7JFxgNw4OBbI0C,True
540,Vivaan,Chen,vivaan.chen540@gmail.com,+09525815585,Africa,South Africa,$2b$12$OhzXA2zYN6HDvO8k68VJ1q,False
541,Yasmin,Bhatt,yasmin.bhatt541@icloud.com,+77837289258,Asia,South Korea,$2b$12$NXXKx6PVM2DHXGpUxgxd28,False
542,Arjun,Kowalski,arjun.kowalski542@icloud.com,+07881770769,Asia,Singapore,$2b$12$q4S7kd5qK3vfXBbvG2oGls,False
543,Anika,Petrov,anika.petrov543@yahoo.com,+09523793961,Oceania,Australia,$2b$12$qGPgeTsMeL4BJsreD6hzZE,False
544,Kavya,Wilson,kavya.wilson544@outlook.com,+58000509102,Asia,Singapore,$2b$12$VxL9LXRfjLvEDX99eUS1AF,False
545,Isabella,Rodriguez,isabella.rodriguez545@gmail.com,+79257718875,Asia,China,$2b$12$CxpNbU0onF0hAn02fijY3x,False
546,Arjun,Taylor,arjun.taylor546@hotmail.com,+38857370955,South America,Argentina,$2b$12$jP34BW7ZDqxw9T1WDWNTso,False
547,Sophia,Rodriguez,sophia.rodriguez547@hotmail.com,+15087488102,Asia,South Korea,$2b$12$lr86jI6ULLu5f12qF2DseB,False
548,Ling,Park,ling.park548@hotmail.com,+05550995037,Africa,Nigeria,$2b$12$r01unsyPj9RitRFGczMUBI,False
549,David,Martin,david.martin549@outlook.com,+72895350500,Asia,Japan,$2b$12$nXRUP92YueaW3OSfJLjUum,False
550,Ali,Menon,ali.menon550@hotmail.com,+55959839451,Africa,South Africa,$2b$12$RAHHMzY2DkrVpWPBhHQjZm,False
551,Camila,Al-Farsi,camila.al-farsi551@outlook.com,+25250266988,North America,USA,$2b$12$zGTnuYuMydFwq1WrGSdfH5,False
552,Liam,Pillai,liam.pillai552@icloud.com,+06222415156,North America,USA,$2b$12$5BRE4J3w5SVaXk6lZNy3yd,False
553,Isabella,Joshi,isabella.joshi553@gmail.com,+11872829160,North America,Canada,$2b$12$e0xYbe9iQvFhqVHF6zXSCs,False
554,Divya,Kapoor,divya.kapoor554@outlook.com,+14042099913,Asia,South Korea,$2b$12$v2sOhv5HYqV95BQ3Y8bHXT,False
555,Pierre,Kowalski,pierre.kowalski555@outlook.com,+33454299325,South America,Brazil,$2b$12$jJkfg7qCp33OZg9zym2k1S,False
556,Sarah,Iyer,sarah.iyer556@outlook.com,+39401033881,Europe,Germany,$2b$12$VbT7yBgEPsTfPKovoMNImn,False
557,Zainab,Rodriguez,zainab.rodriguez557@gmail.com,+95344180021,Europe,UK,$2b$12$YCBt5oVVpapqUGAD76b0wU,False
558,Amara,Ndlovu,amara.ndlovu558@yahoo.com,+03318875934,Africa,South Africa,$2b$12$9FMAecwYvAGtEL0UYGRjj5,False
559,Mateo,Verma,mateo.verma559@icloud.com,+07067263352,South America,Argentina,$2b$12$Lgz8bBZ6w4SzWXrfWfWwRL,False
560,Ngozi,Nakamura,ngozi.nakamura560@gmail.com,+73482493129,Asia,Singapore,$2b$12$caNFc8o1hoGGLkqqB5C9pp,False
561,Mei,Park,mei.park561@hotmail.com,+78283782967,Asia,India,$2b$12$gntxSBQf6jcAOok0ZUnHQA,False
562,Vihaan,Smith,vihaan.smith562@hotmail.com,+71722119334,Asia,China,$2b$12$lZ6kR3HdQ5qipYIbKYlKob,False
563,Michael,Hassan,michael.hassan563@outlook.com,+75584796026,North America,USA,$2b$12$yWPglHtuBVJ0gCIUF4ZQyt,False
564,Priya,Taylor,priya.taylor564@gmail.com,+42302708382,Europe,UK,$2b$12$HCboZC6p8YwL9N5gkauW7H,False
565,Tendai,Thomas,tendai.thomas565@gmail.com,+85807230969,Africa,South Africa,$2b$12$A5KHfnRRERQeZRnn7pcboM,False
566,Rahul,Thomas,rahul.thomas566@yahoo.com,+51341995576,Europe,Spain,$2b$12$CToozXFVfzBetrCkq7iYHe,False
567,Neha,Rodriguez,neha.rodriguez567@gmail.com,+05785853468,South America,Brazil,$2b$12$yFrqSb5txh2nXubzGD9GWw,False
568,Amit,Khan,amit.khan568@gmail.com,+22673602958,South America,Brazil,$2b$12$iEIzV7feqKcmzx0H2Vz80E,False
569,Ji-woo,Brown,ji-woo.brown569@gmail.com,+22998384884,Europe,Spain,$2b$12$0pmXWnUFI0jzrIjhRdz99l,False
570,Hiro,Rossi,hiro.rossi570@gmail.com,+39446919403,Europe,Germany,$2b$12$5umFExAgqm5EHB2XQtt65r,False
571,Elena,Rodriguez,elena.rodriguez571@icloud.com,+46514227816,Asia,UAE,$2b$12$uuW630vt3yn0Df3stGqZQJ,False
572,Noah,Novak,noah.novak572@hotmail.com,+43727407857,North America,Canada,$2b$12$mEq7XhGWGhiTGHqqzHD2lD,False
573,Deepak,Silva,deepak.silva573@gmail.com,+13373736250,Asia,India,$2b$12$oazdxNxQsy2pFSwsReqznH,False
574,Arjun,Wilson,arjun.wilson574@hotmail.com,+70985981738,Africa,South Africa,$2b$12$M7LKTmDZksn7vuY4a2R1fc,False
575,Aarav,Lopez,aarav.lopez575@gmail.com,+89411195341,South America,Brazil,$2b$12$u0ESpu2EWNk66WDAsOtldA,False
576,Jane,Chatterjee,jane.chatterjee576@outlook.com,+54709043761,South America,Argentina,$2b$12$YX0L1WYFfx0UafO8T6e2h2,False
577,Nadia,Agarwal,nadia.agarwal577@gmail.com,+45401525171,North America,Canada,$2b$12$8FHEIYrr80Hm72uHA0QE8L,False
578,Laura,Moore,laura.moore578@gmail.com,+68310318999,Europe,UK,$2b$12$E5BzynrfTK5LeMkcPbz3pR,False
579,Tendai,Kowalski,tendai.kowalski579@gmail.com,+53428436332,Europe,France,$2b$12$xhmejk2YvSmNmNw1ZuctrA,False
580,Ishaan,Kim,ishaan.kim580@outlook.com,+00492633156,Europe,France,$2b$12$J9dIkHNYIl4zDNq9cj9C34,True
581,Krishna,Wilson,krishna.wilson581@outlook.com,+35426504373,Europe,UK,$2b$12$9SQMQpYlDxVpmYES2Zyk7t,False
582,Isabella,Moore,isabella.moore582@yahoo.com,+96148277603,Oceania,New Zealand,$2b$12$VVBkDjvxGl0e9tE2OdLJ5I,False
583,Rohan,Bhatt,rohan.bhatt583@hotmail.com,+33805986946,Europe,UK,$2b$12$9GlF4byc0FS8Zz5D88nWRV,False
584,Arjun,Hassan,arjun.hassan584@hotmail.com,+50081365597,South America,Brazil,$2b$12$kFj32KiOBWgzw7s95KknbW,False
585,Olivia,Smith,olivia.smith585@hotmail.com,+96965880968,Asia,South Korea,$2b$12$StTJYfmYw72fzTi1ggHpNy,False
586,Nadia,Kim,nadia.kim586@outlook.com,+79211224115,Asia,Singapore,$2b$12$qZjEkimpzCicfN8bcWSTk1,False
587,Layla,Brown,layla.brown587@outlook.com,+71567170238,Europe,Germany,$2b$12$MjhLWWKFRiwg0LWE55MZOS,False
588,Ishaan,Pillai,ishaan.pillai588@outlook.com,+17993027163,Europe,Spain,$2b$12$p8lRLfWeFYhwF5xhim1Vz0,False
589,Chidi,Kowalski,chidi.kowalski589@yahoo.com,+76579356843,Asia,Singapore,$2b$12$41agSxjOw4Jo5LsiIUZhA9,False
590,Chidi,Smith,chidi.smith590@outlook.com,+89512476804,Europe,France,$2b$12$Of4QCWOpXpoKbNISjJBkC5,False
591,Camila,Reddy,camila.reddy591@gmail.com,+79180187966,Asia,UAE,$2b$12$Zk0Jc5G4gk3oIL6uUTRGeq,False
592,Zola,Brown,zola.brown592@icloud.com,+55528366560,North America,USA,$2b$12$IzlQCWHwggFvSNrVJ277hG,False
593,Rahul,Tanaka,rahul.tanaka593@yahoo.com,+34398730784,North America,Canada,$2b$12$b2RqLIHH9VyVirh2b3Z6VC,False
594,Pierre,Iyer,pierre.iyer594@hotmail.com,+89520751093,South America,Brazil,$2b$12$Y93WVO3AF0qVgKc90pjN3t,False
595,Divya,Kulkarni,divya.kulkarni595@icloud.com,+36396328593,Asia,Singapore,$2b$12$7CBvqukxrdwclSbtQbTfdm,False
596,Camila,Chopra,camila.chopra596@outlook.com,+08287270336,North America,USA,$2b$12$1cg6LJcyJHGg9Ro8si3jdM,False
597,Jin,Wang,jin.wang597@icloud.com,+56471700717,Africa,South Africa,$2b$12$qjgh7P0MHn7ZGgVumTZMeL,False
598,Valentina,El-Masry,valentina.el-masry598@outlook.com,+11919379135,North America,USA,$2b$12$4QqOp20JiyhVQq1V6rkDqT,False
599,Min-jun,Kowalski,min-jun.kowalski599@gmail.com,+81132218715,Oceania,New Zealand,$2b$12$AMkf6BiYi9xCqfzwBENew1,False
600,Ji-woo,Wilson,ji-woo.wilson600@gmail.com,+66966006936,South America,Brazil,$2b$12$7HwzWy6bLGBDjvvOLzGJc2,False
601,Sakura,Ndlovu,sakura.ndlovu601@gmail.com,+24761894358,Oceania,New Zealand,$2b$12$3wVye1qwJBqXwKP5DD4Dsc,False
602,Valentina,Joshi,valentina.joshi602@icloud.com,+40087711323,Oceania,Australia,$2b$12$umsHGlCCcrSbsDkOSuoWnj,False
603,Zainab,Martinez,zainab.martinez603@outlook.com,+52147633518,Europe,Spain,$2b$12$cf25H5RzSA700GGhOhHiDW,True
604,Diya,Kim,diya.kim604@yahoo.com,+80904632070,South America,Argentina,$2b$12$tLqslkxh3Tn2wGRVaruK2B,False
605,Isabella,Garcia,isabella.garcia605@outlook.com,+43998753193,Europe,Germany,$2b$12$CfGEN0JdYDE2KW2E8k20gj,False
606,Mei,Garcia,mei.garcia606@yahoo.com,+41264520843,Asia,India,$2b$12$cr9hcCvNLZzCb8nK2LMkRl,True
607,Divya,Tanaka,divya.tanaka607@icloud.com,+26539916940,Europe,Germany,$2b$12$QJESSmxEjwcBmnYihtb19X,False
608,David,Mehta,david.mehta608@icloud.com,+16915426820,Asia,India,$2b$12$XgIfsEQrpZnEr0Hgj86VeT,False
609,Anna,Tanaka,anna.tanaka609@gmail.com,+33750374523,Africa,South Africa,$2b$12$O6EDNjUElYq1qEBTlploCK,False
610,Ngozi,Fernandez,ngozi.fernandez610@hotmail.com,+10061596514,Asia,China,$2b$12$1AzjgVNGBG0lEogQR0bkJY,False
611,Isabella,Kowalski,isabella.kowalski611@yahoo.com,+83872102365,North America,Canada,$2b$12$6W4YtKNv2VGDXnnyhCAFC3,True
612,James,Rossi,james.rossi612@gmail.com,+47778384110,Europe,Spain,$2b$12$rzTrO7xplar0p77Q8z7HfZ,False
613,Valentina,Malhotra,valentina.malhotra613@icloud.com,+91874999420,South America,Argentina,$2b$12$62zgK10MWcMgUcK6gAcS5a,False
614,Emma,Nakamura,emma.nakamura614@gmail.com,+88508256100,Asia,Japan,$2b$12$HXbDh5FG9WtNsGY66E33Hc,False
615,Layla,Nair,layla.nair615@yahoo.com,+99444353636,Asia,South Korea,$2b$12$hOZ4p3ZExDPYkuh6zpmeDV,False
616,Ji-woo,Hassan,ji-woo.hassan616@gmail.com,+92051274571,Asia,China,$2b$12$uzNwTtB8ZJy9CvKz3ndA6d,False
617,Amit,Dubois,amit.dubois617@outlook.com,+40429220122,Europe,France,$2b$12$YaICjUkBIGbBOGTWlX3Z0n,False
618,Sanjay,Patel,sanjay.patel618@outlook.com,+78898436369,Asia,South Korea,$2b$12$OC9Zk6RHBEVVI9oALkEZPS,False
619,Sai,Hassan,sai.hassan619@yahoo.com,+17953213752,Asia,Singapore,$2b$12$kiBuaIUTgWxjDnPUShvE9H,False
620,Diya,Novak,diya.novak620@gmail.com,+58009759552,Africa,South Africa,$2b$12$OvsXZdHWjODFK2fmvXKlb9,False
621,Sophia,Mensah,sophia.mensah621@gmail.com,+87277015663,Asia,Singapore,$2b$12$iczIqkfz7jJmPdmaOSkCsc,False
622,Emily,Wilson,emily.wilson622@icloud.com,+84218742011,Oceania,New Zealand,$2b$12$c6OPsqXBgEGJH1pK387Tg9,False
623,Kavya,Nair,kavya.nair623@icloud.com,+51126417416,Africa,Nigeria,$2b$12$bIBQWToUUbNhIowq14XSwi,False
624,Noah,Rossi,noah.rossi624@icloud.com,+95135999856,North America,Canada,$2b$12$JArpjZt4Pkdzf74Os1Ow2n,False
625,Haruto,Rossi,haruto.rossi625@outlook.com,+77618044904,Europe,Italy,$2b$12$JQ4ir0EUVsuEbXh5WveWBm,False
626,Neha,Park,neha.park626@outlook.com,+30249387887,Europe,Italy,$2b$12$A4QQFj6TFSwU8vaT0Z8v4m,False
627,Karan,Kowalski,karan.kowalski627@hotmail.com,+71707676335,North America,USA,$2b$12$K34MHC12oiYYgEFcP8nWfn,False
628,Jane,Sharma,jane.sharma628@hotmail.com,+43452632416,Europe,UK,$2b$12$J5259XwhYlGUc4snxCCjlD,False
629,Sarah,Li,sarah.li629@outlook.com,+79255768813,South America,Argentina,$2b$12$oN3bcNbNECL3hiRdAEyHhq,False
630,Jane,Gupta,jane.gupta630@yahoo.com,+65415705959,Europe,Italy,$2b$12$a7Zpcq7YO5kHXbAwkn8FfQ,False
631,Zainab,Novak,zainab.novak631@outlook.com,+30620197253,North America,Mexico,$2b$12$KyyH5VypgmiXJc5jOaKI4L,False
632,Divya,Ibrahim,divya.ibrahim632@gmail.com,+19833843345,Europe,France,$2b$12$EGNzSG8mTZS8AHjxjXWlXt,False
633,Sophia,Muller,sophia.muller633@gmail.com,+04423439552,Europe,France,$2b$12$T6Zllg0HjKGLNkyS4pJ6Lo,False
634,Emma,Kim,emma.kim634@hotmail.com,+90517320732,Europe,UK,$2b$12$KbEJdm9MCohAHlXAdi1uxm,False
635,Priya,Reddy,priya.reddy635@icloud.com,+80411019492,North America,Mexico,$2b$12$YYpTCkXf2buooDUyF8EXxe,False
636,Layla,Verma,layla.verma636@gmail.com,+70108679375,South America,Argentina,$2b$12$pj4bYijGfeWdLhfPybQ8Ix,False
637,Rahul,Chatterjee,rahul.chatterjee637@gmail.com,+56400557513,Africa,Nigeria,$2b$12$0uMDTGDAsEdvetvbsP8MSP,False
638,Sunita,Garcia,sunita.garcia638@gmail.com,+49567396876,Asia,India,$2b$12$66hD42HBdDFNGn8nxFseLo,False
639,Mateo,Rao,mateo.rao639@hotmail.com,+05167530664,Asia,Singapore,$2b$12$2XAC6bxdi5g7WNUlhwVskW,False
640,Elena,Mensah,elena.mensah640@yahoo.com,+77508469360,Oceania,Australia,$2b$12$NHzWTwi1iA3zZEUKr3CCO5,False
641,Ali,Desai,ali.desai641@yahoo.com,+80530491211,Africa,Nigeria,$2b$12$2youqsAbH0AeyuKpsUk5sY,False
642,Ivan,Chen,ivan.chen642@gmail.com,+25767739161,North America,USA,$2b$12$ftxCfp25Bhr74Y1SMVOvNs,False
643,Ngozi,Kapoor,ngozi.kapoor643@icloud.com,+70236023796,Oceania,New Zealand,$2b$12$MxEl7UgDC2U2CjSnNzvhXQ,False
644,Emily,Martin,emily.martin644@outlook.com,+53811224963,North America,Canada,$2b$12$vT9S6Dx0PLN9QYcSthrZYs,False
645,Diego,Moore,diego.moore645@hotmail.com,+26294593452,North America,USA,$2b$12$lzuCWukgQmnXfOa6SYPy9W,False
646,Divya,Sharma,divya.sharma646@hotmail.com,+02160385662,Asia,China,$2b$12$fJHrC8f5Rgs0Rej5jM9kcY,False
647,James,Kim,james.kim647@gmail.com,+62668902536,South America,Brazil,$2b$12$6Fod4X3WADxTgc7tcPyoAB,False
648,Mei,Martinez,mei.martinez648@icloud.com,+82889021104,North America,Canada,$2b$12$L52ZEIiJP2c1Gf9Czlefqs,False
649,Marco,Novak,marco.novak649@outlook.com,+02989066194,Europe,France,$2b$12$CL9XE4IAnAcj6mJgL8ChbU,False
650,Ngozi,Chatterjee,ngozi.chatterjee650@hotmail.com,+91619602300,Europe,France,$2b$12$gt0H22P6cor4MpmX1awHoT,False
651,Michael,Adeyemi,michael.adeyemi651@yahoo.com,+99596070831,Europe,Italy,$2b$12$U0W0wst0OuSoqa7oUhcPgi,False
652,Ahmed,Ndlovu,ahmed.ndlovu652@icloud.com,+26851974593,Oceania,New Zealand,$2b$12$uKbhuRgrltpNe6p9Tws69L,False
653,Riya,Dubois,riya.dubois653@icloud.com,+01697634036,Europe,Spain,$2b$12$c4DbXcxeBXii7kgKr7kJ5T,False
654,Camila,Brown,camila.brown654@outlook.com,+99808269862,Europe,Germany,$2b$12$blh4mdxrkC3o8PxQvnoaOe,False
655,Yuki,Mensah,yuki.mensah655@gmail.com,+57544509190,North America,Mexico,$2b$12$mae4bMuisftYMYR5gjzGWh,True
656,Mei,Kim,mei.kim656@icloud.com,+54548096710,Europe,UK,$2b$12$gXIznRXbdW2oR0hliWVikP,False
657,Diego,Patel,diego.patel657@icloud.com,+33784707063,North America,Mexico,$2b$12$3WkxepIvLsINmcucjrurdk,False
658,Min-jun,Agarwal,min-jun.agarwal658@outlook.com,+42488325617,Asia,South Korea,$2b$12$2SBbw5YUpyb1hMrJZtbPGi,False
659,Reyansh,Hassan,reyansh.hassan659@outlook.com,+98533741619,Asia,China,$2b$12$dGMhLBiMOjPnLY6pvf8uX5,False
660,Pooja,Chopra,pooja.chopra660@yahoo.com,+43019599038,Asia,India,$2b$12$DRDJp0hO5YVO61rMAqYchg,False
661,Priya,Thomas,priya.thomas661@gmail.com,+45579865317,Africa,Nigeria,$2b$12$mF683VCWqPa48TkqTEHzZk,True
662,Zainab,Lopez,zainab.lopez662@icloud.com,+06479554300,Asia,South Korea,$2b$12$BnQrsk1n147vOZedm8fV04,False
663,Aditya,Rao,aditya.rao663@outlook.com,+79036776024,Europe,UK,$2b$12$GGUNWw5ApUMdkcJ2ug0SHm,False
664,Riya,Chen,riya.chen664@yahoo.com,+03393976882,Europe,Italy,$2b$12$PwpsdEUZS27nAuQZ3fFhuD,False
665,Ling,Joshi,ling.joshi665@hotmail.com,+45904227279,Europe,Spain,$2b$12$MW9uIeg866qOoQE5xNOWdC,False
666,Omar,Suzuki,omar.suzuki666@gmail.com,+71145741996,Africa,Nigeria,$2b$12$CoXZfQ1rNMbYUqtVXewMh9,True
667,Sarah,Desai,sarah.desai667@gmail.com,+69416477434,Europe,Spain,$2b$12$m1d2cQwCgPMtDIQHdHvzwv,False
668,Kwame,Petrov,kwame.petrov668@yahoo.com,+66559217964,North America,Mexico,$2b$12$ouSnVBLhm3Ze4Ziol00Sp5,False
669,Nadia,Reddy,nadia.reddy669@outlook.com,+34052259295,South America,Brazil,$2b$12$01wRPjKIKvP2L2VtTP6ukQ,False
670,Diya,Petrov,diya.petrov670@yahoo.com,+93966545870,Asia,China,$2b$12$NMTFb2rpYXFQfrpAweQLx3,False
671,Elena,Martinez,elena.martinez671@gmail.com,+68743663430,North America,Canada,$2b$12$wh0ieDJr0r7Nlze0OAQMLy,True
672,Sakura,Mensah,sakura.mensah672@yahoo.com,+00454923225,Asia,UAE,$2b$12$vpWDDSG7ocAGYN6fHZFrV2,False
673,Ji-woo,Mensah,ji-woo.mensah673@yahoo.com,+33682125910,Europe,Germany,$2b$12$qIXjaTUjLS7YnJTqkBSGLP,False
674,Ishaan,Malhotra,ishaan.malhotra674@outlook.com,+59596047511,Africa,South Africa,$2b$12$7NiykV9VpRbqsDtAaYyYd1,False
675,Sakura,Novak,sakura.novak675@outlook.com,+64533604377,Africa,Nigeria,$2b$12$MoUUT17krcegQLcAgmdGfW,False
676,Hassan,Nakamura,hassan.nakamura676@icloud.com,+42222700528,Europe,Italy,$2b$12$51ZU42nLsZazx0s3EQGAsr,False
677,Jin,Petrov,jin.petrov677@icloud.com,+77444158205,Asia,South Korea,$2b$12$Nu1inc1zcc42rOp0SB5n9r,False
678,Krishna,Ndlovu,krishna.ndlovu678@yahoo.com,+37893913296,Asia,South Korea,$2b$12$30IhUR1novwajD7ho1cg3p,False
679,Laura,Park,laura.park679@icloud.com,+31768413620,Asia,UAE,$2b$12$taz99NPNRGm12ifXcY8cXi,False
680,Lukas,Brown,lukas.brown680@outlook.com,+85357042004,North America,Canada,$2b$12$rHQfgrQzrj8R9EYNGDFzNE,True
681,Hassan,Nair,hassan.nair681@gmail.com,+55745869276,Europe,Spain,$2b$12$83CyVNoZQMWoXhXKKTtVbR,False
682,Diya,Iyer,diya.iyer682@yahoo.com,+50586025848,Europe,UK,$2b$12$XaRVGLd97VaAYP4MSuYHXm,False
683,Marco,Wilson,marco.wilson683@hotmail.com,+72195894095,Asia,UAE,$2b$12$qfPTrxJUsElY2TYVZAm7az,False
684,Marco,Fernandez,marco.fernandez684@icloud.com,+15023458379,North America,Canada,$2b$12$TXQE5oiMtDCq9xPj99eNKk,False
685,Kavya,Wang,kavya.wang685@yahoo.com,+72624620871,Asia,Japan,$2b$12$VV0LRSVKUdMmzVhUqUVaoX,False
686,Camila,Martin,camila.martin686@gmail.com,+32996402070,South America,Brazil,$2b$12$vBaRfqDVE8GplWCLwqLs9T,False
687,Olivia,Mehta,olivia.mehta687@gmail.com,+69368442486,Oceania,Australia,$2b$12$Yrbc12QKmVGLbGRVjb1tDM,False
688,Ling,Kim,ling.kim688@gmail.com,+25707224592,Europe,France,$2b$12$E60yl8RUCElAHiNM0dnA2o,False
689,Lucas,Al-Farsi,lucas.al-farsi689@hotmail.com,+23894698659,North America,USA,$2b$12$87fwqE5xPiJv4WnMvBCYra,False
690,Valentina,Kowalski,valentina.kowalski690@outlook.com,+23705818486,South America,Brazil,$2b$12$lZsdy126QYVbzGCZ8HfwmD,False
691,Claire,Silva,claire.silva691@outlook.com,+17028803029,North America,USA,$2b$12$ofkEibrNNyPlSbi5DIyOUW,False
692,Mateo,Li,mateo.li692@hotmail.com,+16883641276,North America,Canada,$2b$12$pMWzxMJp7IImP4TFNodNlf,False
693,Lukas,Muller,lukas.muller693@icloud.com,+57632990718,Oceania,New Zealand,$2b$12$WA01hVuRcDMBIaaLzJwaRi,False
694,Elena,Anderson,elena.anderson694@hotmail.com,+56762855305,Africa,South Africa,$2b$12$Wa5p3aBzkDnBxmWGZYqs6t,False
695,Krishna,Novak,krishna.novak695@gmail.com,+36396476659,South America,Brazil,$2b$12$fH7oNuxCixqYo0byqBV7TF,False
696,Amit,Brown,amit.brown696@outlook.com,+34259629741,Africa,Nigeria,$2b$12$F99Vkqqo7j0XGtqPPHJZUU,False
697,Hassan,Menon,hassan.menon697@icloud.com,+48511946304,North America,Canada,$2b$12$rdCuuG5XPSzIAY9ASdy1QG,False
698,Ling,Anderson,ling.anderson698@hotmail.com,+63643222737,North America,Canada,$2b$12$nY8yYKyuFzMjDT0rLsWvPA,False
699,Arjun,Menon,arjun.menon699@yahoo.com,+33984270456,Europe,Spain,$2b$12$qJMQXP0AFDJi0GI2CCJ6pj,False
700,Ishaan,Nair,ishaan.nair700@yahoo.com,+10215924207,North America,USA,$2b$12$gTaR2QkPBbmUIEWG8drlz4,True
701,Laura,Adeyemi,laura.adeyemi701@icloud.com,+25681594027,Africa,South Africa,$2b$12$ztfyoliNRTd5FI2rFeEqlM,False
702,Sakura,Rodriguez,sakura.rodriguez702@gmail.com,+73122780776,North America,Canada,$2b$12$i8oeByOPKJWOiCQq1DtxMR,False
703,Kavya,Joshi,kavya.joshi703@outlook.com,+80618407743,Asia,Japan,$2b$12$pkfE57IGFoz6MpfU3gx0pl,False
704,Kavya,Okafor,kavya.okafor704@gmail.com,+09185668090,Africa,South Africa,$2b$12$yyD78JeqlaxaJrSG6Ej5tV,False
705,Ananya,Patel,ananya.patel705@icloud.com,+92804591060,South America,Brazil,$2b$12$W5NFxBWJdx4nDZsQWu3Bsn,False
706,Hiro,Bhatt,hiro.bhatt706@gmail.com,+70959124013,Europe,Germany,$2b$12$qInwS2QGRzqUi4AYgEAwFP,False
707,Aarav,Said,aarav.said707@gmail.com,+77006372322,Asia,India,$2b$12$6Yo8ECaP2s1f7pDa3F8xdQ,False
708,Hiro,Kulkarni,hiro.kulkarni708@yahoo.com,+74605494161,Asia,Japan,$2b$12$kMckNPjl1ao8Hb3vSNwwIx,False
709,Emily,Silva,emily.silva709@yahoo.com,+93764510798,South America,Argentina,$2b$12$kSPLTG528ggDQohcI8CTdn,False
710,James,Ndlovu,james.ndlovu710@outlook.com,+33376793659,Asia,China,$2b$12$QyboXQYv55wm7vE5q2jsyD,False
711,Ali,Patel,ali.patel711@yahoo.com,+31369805139,Europe,France,$2b$12$p2PPTNNOS5mGll6DRTbElt,False
712,Laura,Verma,laura.verma712@yahoo.com,+91164489979,South America,Argentina,$2b$12$lPiBs7WvsSNIeeNDZblW8T,True
713,Hassan,Novak,hassan.novak713@outlook.com,+78508934566,Africa,South Africa,$2b$12$ad2EE7prQ4wjdaxGEoP2oP,False
714,Sofia,Tanaka,sofia.tanaka714@outlook.com,+38895080121,Asia,India,$2b$12$HQaPUQ0U9PBZRIJvMCiB6u,False
715,Nadia,Wang,nadia.wang715@icloud.com,+74202672057,North America,USA,$2b$12$Pzrx7gPZlUNuk6m6O1sbOx,False
716,Mateo,Moore,mateo.moore716@outlook.com,+07126031272,Asia,Japan,$2b$12$ICtSFNPQuVn6YIl4IYbusY,False
717,Laura,Thomas,laura.thomas717@outlook.com,+02069173062,Africa,South Africa,$2b$12$ChMjB9AAcC767weoneRGSm,False
718,Michael,Said,michael.said718@hotmail.com,+55512790482,Oceania,New Zealand,$2b$12$ReSYpuAJGgxFMNPBFuqtBg,False
719,Rahul,Park,rahul.park719@gmail.com,+49966628006,Asia,China,$2b$12$nhzEkiGn1kDXgBDI2KxyMs,False
720,Ling,Chopra,ling.chopra720@hotmail.com,+88633424139,Europe,UK,$2b$12$QxdHpwuir4tTzeZ4ok5g3k,False
721,Diya,Khan,diya.khan721@icloud.com,+71222687411,Asia,South Korea,$2b$12$15ongWvNMGpwFfzSAy0HTd,False
722,Lukas,Hassan,lukas.hassan722@yahoo.com,+86558803036,Africa,Nigeria,$2b$12$5WZQHGMETuVvDe3Qpc0aDb,False
723,Chidi,Nair,chidi.nair723@gmail.com,+21457027688,Oceania,Australia,$2b$12$QmAJwQFAtztJVLb0WYdZC0,False
724,Ananya,Brown,ananya.brown724@yahoo.com,+85949346318,North America,Canada,$2b$12$W2hITKYTcmNww4fGtdxzCj,False
725,Valentina,Martinez,valentina.martinez725@yahoo.com,+49396772896,Europe,France,$2b$12$TwJHIFsEGbSBsbszZOzhr4,False
726,Rohan,Li,rohan.li726@outlook.com,+98648158920,Asia,India,$2b$12$hNGn2yOg7bt4NPtW5Mn4a3,False
727,Hassan,Menon,hassan.menon727@icloud.com,+38501331441,North America,Canada,$2b$12$adclTyev9GTqGXPaLXiyNa,False
728,Krishna,Gupta,krishna.gupta728@outlook.com,+26995089240,Africa,South Africa,$2b$12$S0GBfS62IcrqahJgc6LXpw,False
729,Michael,Park,michael.park729@gmail.com,+87074528481,North America,Mexico,$2b$12$LQw5Rnga0ZDS2j8EBjPLbO,False
730,Ahmed,Moore,ahmed.moore730@yahoo.com,+53957061320,Asia,UAE,$2b$12$irLWiDrRZNXBLs9m5U9Nvr,False
731,Hassan,Petrov,hassan.petrov731@hotmail.com,+52571723566,Oceania,Australia,$2b$12$l7gYRh4kjHggM7dNLejBQn,False
732,Noah,Tanaka,noah.tanaka732@yahoo.com,+15229144274,Asia,UAE,$2b$12$AESpQZKSk4smIxCXHxXx79,False
733,Nadia,Novak,nadia.novak733@outlook.com,+73873985056,South America,Argentina,$2b$12$DVR1CzrKMBtBFhO0tyfKA1,False
734,Diego,Joshi,diego.joshi734@hotmail.com,+31583407874,Europe,France,$2b$12$4VnmEMbEfqwcqN9Ws6Bw0y,False
735,Riya,Thomas,riya.thomas735@yahoo.com,+04902851045,Africa,Nigeria,$2b$12$Tku9p0C7zEyn0JFxVvof2e,False
736,Ali,Rao,ali.rao736@hotmail.com,+88449726729,Asia,China,$2b$12$0xa5TSHVioHTKzPdFyEi40,False
737,Zainab,Park,zainab.park737@yahoo.com,+25469337997,North America,Canada,$2b$12$60PrhL6w9jrOEVvWsjJFJb,False
738,Karan,Malhotra,karan.malhotra738@gmail.com,+77905053387,Europe,Italy,$2b$12$zfXf5dLugwcR1uBiD6H2Wh,False
739,Zainab,Chen,zainab.chen739@yahoo.com,+58061215674,Europe,Spain,$2b$12$dw6kc7mwWgkTaSHoMt6zUq,False
740,Zola,Chatterjee,zola.chatterjee740@outlook.com,+93101448129,Asia,Japan,$2b$12$ZrFX5UPQzQJGtvhSbhsiUh,False
741,Santiago,Malhotra,santiago.malhotra741@gmail.com,+04159234790,Europe,France,$2b$12$CTKKvBVDRZphCxjVMORAFn,False
742,Sofia,Iyer,sofia.iyer742@icloud.com,+47082596962,Asia,India,$2b$12$T62zd2JWs1ZbJDOqgqGqCy,False
743,Min-jun,Wang,min-jun.wang743@outlook.com,+66306571588,Asia,China,$2b$12$RziNnsRqdwyQRaUUkvVJvV,False
744,Sanjay,Novak,sanjay.novak744@gmail.com,+92154211370,Europe,Spain,$2b$12$NFaOl5lbxvv5rZkMiojuC1,False
745,Mateo,Kapoor,mateo.kapoor745@icloud.com,+12894008408,Asia,UAE,$2b$12$URErsiPWHJx73zUvhsZD1u,False
746,John,Taylor,john.taylor746@icloud.com,+53429717147,Europe,Spain,$2b$12$CeWtfnPY7oKCSPejKG20dK,False
747,Mei,Desai,mei.desai747@gmail.com,+07264072981,South America,Argentina,$2b$12$zDe0k65YhzbL1GbskAxZns,False
748,Lakshmi,Rodriguez,lakshmi.rodriguez748@gmail.com,+63652629917,Europe,France,$2b$12$o3s9PtKh47skAVMcaoUq3s,False
749,Lakshmi,Anderson,lakshmi.anderson749@yahoo.com,+91792573233,Africa,South Africa,$2b$12$34TkekNQ97tyVVtbfZvSX3,False
750,Aadhya,Kowalski,aadhya.kowalski750@outlook.com,+73395978199,Europe,Italy,$2b$12$ENm62ywTzSfqW5bWe1pwS0,False
751,Marco,Mehta,marco.mehta751@hotmail.com,+03447626949,North America,USA,$2b$12$zt87Gb8MIg9Snwv1D2QwzY,False
752,Saanvi,Reddy,saanvi.reddy752@outlook.com,+69908188204,North America,Mexico,$2b$12$EQhAJv0n0dAGpH3BH65aT0,False
753,Krishna,Park,krishna.park753@hotmail.com,+35004733122,Africa,Nigeria,$2b$12$6XfV0Gblr1hUlZaogIWzHN,False
754,Lukas,Al-Farsi,lukas.al-farsi754@gmail.com,+23263766592,Africa,South Africa,$2b$12$CUrklkccdjNoKeXwBP9Xyv,False
755,Yuki,Dubois,yuki.dubois755@hotmail.com,+92188055256,Europe,Germany,$2b$12$ufuVryepeDs8KxH7lpHgGj,False
756,Lucas,Ndlovu,lucas.ndlovu756@icloud.com,+55826392862,Asia,Singapore,$2b$12$1VdHnKH7lF7hpSgm7Kd0GD,False
757,Zainab,Adeyemi,zainab.adeyemi757@outlook.com,+72236355123,Asia,South Korea,$2b$12$9txJohiteF9pcckKDyUyM9,False
758,Emma,Khan,emma.khan758@outlook.com,+29346765982,North America,Mexico,$2b$12$kgnjZ2Ii04zPLGvrrwVZhd,False
759,Ananya,Smith,ananya.smith759@yahoo.com,+13897625151,Asia,India,$2b$12$DVIZSRHdlUtSvaP3Biz7te,False
760,Zainab,Anderson,zainab.anderson760@icloud.com,+09866257523,Asia,UAE,$2b$12$VocQuidljawZyc2N7KDFax,False
761,Kavya,Menon,kavya.menon761@gmail.com,+82978520531,Oceania,New Zealand,$2b$12$BsZ7DWn5RTKZH7PCm4dcbg,False
762,Yuki,Thomas,yuki.thomas762@yahoo.com,+99364464816,Africa,Nigeria,$2b$12$pErCBBdHsHd1Svwt9RCOdZ,True
763,Elena,Brown,elena.brown763@gmail.com,+98016989157,North America,Canada,$2b$12$KtQaE6VcKQGtQA6Z4AQiUU,False
764,Lukas,Gupta,lukas.gupta764@icloud.com,+67244923019,Europe,Germany,$2b$12$WbCr4HLBhMLxNyOvV3EbQ6,False
765,John,Kapoor,john.kapoor765@outlook.com,+82759393736,Asia,China,$2b$12$SwIwWTMykMu4d0WF9Scy0W,False
766,Valentina,Suzuki,valentina.suzuki766@icloud.com,+38629741976,Europe,UK,$2b$12$jk5c6HYnvTkgLa6PSFM7ap,False
767,Sakura,Brown,sakura.brown767@hotmail.com,+86220078151,Asia,South Korea,$2b$12$RhpbdBOg8WPeG5oHIR4idf,False
768,Emily,Dubois,emily.dubois768@outlook.com,+47893973319,North America,USA,$2b$12$qv2GUJ7uPqo8bqxiVwCs3A,False
769,Diya,Martin,diya.martin769@outlook.com,+22418611094,North America,Mexico,$2b$12$WM7L9RdjWclXvnmtZC7Sqk,True
770,Jane,Petrov,jane.petrov770@yahoo.com,+61252693698,North America,USA,$2b$12$63htU84r3SCxYZ4Cq1sUFK,False
771,Ahmed,Hassan,ahmed.hassan771@outlook.com,+01993556738,Europe,France,$2b$12$mpOqP9f5kiZmOgfmGrnZkf,False
772,Pierre,Gupta,pierre.gupta772@hotmail.com,+00919230931,South America,Argentina,$2b$12$g2D8YrXCIGVmdT7JhgH3Ms,False
773,Aarav,Kapoor,aarav.kapoor773@icloud.com,+41704300531,Europe,UK,$2b$12$MjD8Ngmdyo8tcATQ8wGIba,False
774,Hassan,Said,hassan.said774@outlook.com,+18768067257,Oceania,New Zealand,$2b$12$XxQ6pWnTjsDEb0a2mSSCHe,False
775,Chidi,Suzuki,chidi.suzuki775@icloud.com,+62670553007,Europe,France,$2b$12$3hOaUwDbnASLqKnIHomGK8,False
776,Elena,Kulkarni,elena.kulkarni776@icloud.com,+84996596991,North America,USA,$2b$12$EBD2txwMRDqQr3MBoUL2RW,False
777,Sophia,Tanaka,sophia.tanaka777@outlook.com,+67838431397,Europe,Spain,$2b$12$fbOa32KTA7csRWpXC1qQmi,False
778,Ananya,Muller,ananya.muller778@outlook.com,+78263848779,South America,Brazil,$2b$12$RQsL6uFmG2NiTAbMs89PNs,False
779,Deepak,Wilson,deepak.wilson779@gmail.com,+73540543155,North America,Mexico,$2b$12$edCt7snYZxfgG1xbxaADTe,False
780,Ngozi,Gupta,ngozi.gupta780@yahoo.com,+16114390372,North America,Canada,$2b$12$DkC9T0cV1PWcTZoDAghsgF,False
781,Amara,Pillai,amara.pillai781@icloud.com,+97991470467,Africa,Nigeria,$2b$12$daNpxuDCiaBJVmfL3ofyIM,False
782,Ji-woo,Novak,ji-woo.novak782@gmail.com,+48602901397,Asia,South Korea,$2b$12$gOvb5HsYXm7GqBl0qBe6sO,False
783,Ananya,Lopez,ananya.lopez783@yahoo.com,+13925477814,Europe,Spain,$2b$12$vIIsAKnilznrQP6VA55nk2,False
784,Ananya,Okafor,ananya.okafor784@hotmail.com,+64663198823,South America,Argentina,$2b$12$30C1VTLqU22LcTpmejErxF,False
785,Emily,Muller,emily.muller785@yahoo.com,+30139255390,Africa,Nigeria,$2b$12$GzC3raXeWu0kkzzSO9Pmfq,False
786,Ling,Nair,ling.nair786@icloud.com,+87374900590,Europe,Italy,$2b$12$8VTqDR6Kb15cy8778bjELy,False
787,Aditya,Bhatt,aditya.bhatt787@hotmail.com,+79487286056,Asia,South Korea,$2b$12$qpL8ZkjqTaRJO1KMDOxebS,False
788,Layla,Patel,layla.patel788@gmail.com,+87421069075,North America,USA,$2b$12$NzUDpKx8SUQQVAYcPHaOaR,False
789,Wei,Sharma,wei.sharma789@yahoo.com,+12262831044,Europe,Spain,$2b$12$GLLsMnVfiRd8bG9PNQRktl,False
790,Vivaan,Okafor,vivaan.okafor790@hotmail.com,+74125369358,Asia,South Korea,$2b$12$nmN5IaQHWxAORnK7euH58K,True
791,Ishaan,Novak,ishaan.novak791@icloud.com,+25367110007,Europe,UK,$2b$12$HzBTHI0i7RKJJJvTpOGwXt,False
792,Mia,Chopra,mia.chopra792@icloud.com,+94878715567,Oceania,New Zealand,$2b$12$OpmJ8shhEWSmZkI0YRuVxv,False
793,Hassan,El-Masry,hassan.el-masry793@icloud.com,+16814801817,Oceania,New Zealand,$2b$12$HMm51roezk53ZrQEqHk7ks,False
794,Isabella,Suzuki,isabella.suzuki794@gmail.com,+94443358981,Europe,France,$2b$12$nGP7ymbL8d9q4e3urmiXeC,False
795,Sophia,Reddy,sophia.reddy795@hotmail.com,+37533134452,Europe,Italy,$2b$12$6zZQX6gstegg61K0vD2jjG,False
796,Sunita,Rossi,sunita.rossi796@gmail.com,+28426552718,Europe,UK,$2b$12$pPNuhfBtcQ78hlA4JC5P91,False
797,Anna,Ndlovu,anna.ndlovu797@gmail.com,+44346415218,Asia,Japan,$2b$12$9IxdTqaXAIWuYKJqWoMZhy,False
798,Mia,Kim,mia.kim798@hotmail.com,+35133193554,North America,Mexico,$2b$12$QqbzE5Ylrl4v3dIeIajjRN,False
799,Lakshmi,El-Masry,lakshmi.el-masry799@outlook.com,+55061434074,Europe,Italy,$2b$12$Imqx8Rbbvmz9mLDOHFr7qi,False
800,Lucas,Taylor,lucas.taylor800@hotmail.com,+00565778987,Asia,South Korea,$2b$12$fevYjaGIIamvTOYHzIxjJs,False
801,Vivaan,Martinez,vivaan.martinez801@icloud.com,+45616558699,Asia,Singapore,$2b$12$qSebwK0GqvxuPXRxreX7di,False
802,Sunita,Thomas,sunita.thomas802@gmail.com,+82127886696,Asia,South Korea,$2b$12$nXnauwyFobgTOq6HXXsKKC,False
803,David,Dubois,david.dubois803@outlook.com,+15366220286,Europe,Germany,$2b$12$NugcB4nKkNlBYx5cfkpA4o,False
804,Nadia,Patel,nadia.patel804@icloud.com,+99813002208,South America,Argentina,$2b$12$wcSHcCnArWdLXa4VrDQGU3,False
805,Zainab,Chopra,zainab.chopra805@outlook.com,+56691335575,Asia,UAE,$2b$12$wgALWr5cJBRr5aYEFtyAta,False
806,Valentina,Kowalski,valentina.kowalski806@outlook.com,+25955102048,South America,Argentina,$2b$12$yySDICASP9EbKyf1NMN8QS,False
807,Wei,Bhatt,wei.bhatt807@outlook.com,+46876724374,Asia,India,$2b$12$USReyr3KFGQVm9VmLAx1rZ,False
808,Rohan,Pillai,rohan.pillai808@icloud.com,+91177630344,Africa,South Africa,$2b$12$NYUMl9Nwphti3BMX7CdL6w,True
809,Liam,Martinez,liam.martinez809@gmail.com,+98701466213,Europe,Italy,$2b$12$gSMjaGjltDYAZLyFi8s3Ns,False
810,Claire,Malhotra,claire.malhotra810@icloud.com,+79950912951,Africa,Nigeria,$2b$12$EhMeNmhnf365SoVVoZ9xK2,False
811,Vihaan,Wang,vihaan.wang811@icloud.com,+50392856750,Europe,Germany,$2b$12$q9s8oTGxBoP9KrPB5qGE2g,False
812,Amara,Bhatt,amara.bhatt812@icloud.com,+94656382655,Europe,Germany,$2b$12$MYwFsA6wmJDWc3R0zBuZeG,False
813,Layla,Kapoor,layla.kapoor813@outlook.com,+03056573342,Asia,Japan,$2b$12$qN7PcybEkQHt1UMvqKWZWb,False
814,Pooja,Petrov,pooja.petrov814@outlook.com,+88470123257,Asia,South Korea,$2b$12$9oaICgnmBUQbkLXcuhEyk7,False
815,Valentina,Kapoor,valentina.kapoor815@yahoo.com,+44028810815,South America,Brazil,$2b$12$VHVt5zxJJMZqRmoEGNiYIK,False
816,Chidi,Iyer,chidi.iyer816@yahoo.com,+87537685970,Europe,France,$2b$12$UQAEoJmNzoD5IvBLjIc0Lh,False
817,Vihaan,Ibrahim,vihaan.ibrahim817@icloud.com,+27173259840,Africa,South Africa,$2b$12$C27iqiw1RpuLLCA5FW7uWY,False
818,Rohan,Ndlovu,rohan.ndlovu818@outlook.com,+88665011905,Europe,Spain,$2b$12$nnkMVUyRbODZ7IM5viFwNW,False
819,Fatima,Menon,fatima.menon819@hotmail.com,+30908771854,Asia,Japan,$2b$12$FtJBlVuH4lAkBs4sMiCZPr,False
820,Claire,El-Masry,claire.el-masry820@gmail.com,+63225622958,Oceania,Australia,$2b$12$8Xy8lu58ZlnOd96Y8o2phq,False
821,Aditya,Suzuki,aditya.suzuki821@hotmail.com,+32257529530,Asia,Japan,$2b$12$W6LpLFGviw3zbvCLNAiBaF,False
822,Fatima,Okafor,fatima.okafor822@hotmail.com,+56921950146,Asia,UAE,$2b$12$BwPUqFFFznkbdYe13oBwyw,False
823,Diya,Menon,diya.menon823@icloud.com,+23794431080,Oceania,Australia,$2b$12$vQzlx89dJ8ment5puqy9fC,False
824,Ahmed,Kowalski,ahmed.kowalski824@gmail.com,+82697725640,Oceania,New Zealand,$2b$12$Mhc8qpvejbHCq4sbgSHqpn,False
825,Sakura,Li,sakura.li825@outlook.com,+91990762812,Asia,India,$2b$12$ARNUcIVmKa4TMLPA7nYVZe,False
826,Krishna,Okafor,krishna.okafor826@outlook.com,+97112015023,Asia,China,$2b$12$BNMQNnZD8GHK23KHdeTvBM,False
827,Ali,Smith,ali.smith827@outlook.com,+99835587959,Europe,UK,$2b$12$nucVFlKiWoq2UQLGls74T3,False
828,Zola,Novak,zola.novak828@gmail.com,+77636362757,Asia,Japan,$2b$12$XySUi4EtDuuH9znVsHpnpw,False
829,Kwame,Khan,kwame.khan829@outlook.com,+27813687429,Oceania,Australia,$2b$12$7PRdav3aVYrhje0WPf6QZx,False
830,Aditya,Menon,aditya.menon830@yahoo.com,+88342981254,Asia,India,$2b$12$mYdljfIo75kZcrOmejOnpm,False
831,Rahul,Rossi,rahul.rossi831@hotmail.com,+43689486173,Europe,Spain,$2b$12$23Xbp2IcpZ2AjenXZp829U,False
832,Rahul,Rodriguez,rahul.rodriguez832@yahoo.com,+67998544925,North America,Mexico,$2b$12$J8QZyoJzvRLtoHuonPzvhd,False
833,Mia,Kulkarni,mia.kulkarni833@outlook.com,+60622601451,Europe,Italy,$2b$12$R8u0LsJiuT0n4LoW2qgrUd,False
834,Saanvi,Suzuki,saanvi.suzuki834@hotmail.com,+33530585341,Europe,Germany,$2b$12$rtbLXj271SBm4GCynxXIyg,False
835,Ngozi,Wilson,ngozi.wilson835@gmail.com,+24549605503,Oceania,New Zealand,$2b$12$znyj6khOv9zOZ9YJYr12xe,True
836,Valentina,Suzuki,valentina.suzuki836@hotmail.com,+83420379686,Asia,Japan,$2b$12$Qgb6JO257iuVboFvk3BzOP,False
837,Camila,Petrov,camila.petrov837@hotmail.com,+64048570223,North America,Mexico,$2b$12$E3s11aUjE4mIWDeeGba7HD,False
838,Anika,Muller,anika.muller838@gmail.com,+94664920762,North America,Canada,$2b$12$gWFnUoFIr2RrjuCIycPxuI,False
839,Vivaan,Joshi,vivaan.joshi839@gmail.com,+81211776806,Africa,South Africa,$2b$12$Za7NHdSSIXZ0uPdIjtPA1f,False
840,Ivan,Kowalski,ivan.kowalski840@icloud.com,+19675368187,Oceania,Australia,$2b$12$8RAbczJFsOMvuBUKh5mPbp,False
841,Pooja,Thomas,pooja.thomas841@yahoo.com,+09161166638,South America,Argentina,$2b$12$J0Id7qwgRBnNmGPYRJcoJH,False
842,Ahmed,Said,ahmed.said842@icloud.com,+08369248825,North America,Mexico,$2b$12$HT4FiBpGKHKtk0ym9cvTz0,False
843,Ivan,Lopez,ivan.lopez843@outlook.com,+35309641046,North America,Canada,$2b$12$wNADE8VwzzTKHAyIZ7doQj,False
844,Vihaan,Chen,vihaan.chen844@yahoo.com,+27305101259,Europe,UK,$2b$12$LAlFFSZ7BQW9OpvmmtEWsl,False
845,Aarav,Moore,aarav.moore845@yahoo.com,+20132393661,South America,Argentina,$2b$12$hmAzytCOc3sikHGfEn4t9J,False
846,Aarav,Moore,aarav.moore846@hotmail.com,+24406336989,South America,Argentina,$2b$12$7IhNDYylhUoPieSvJblfrr,False
847,Aadhya,Ndlovu,aadhya.ndlovu847@gmail.com,+41233211640,Africa,Nigeria,$2b$12$xpC3f3zJPT69gzHG9Oy5TX,False
848,Arjun,Wilson,arjun.wilson848@outlook.com,+58432329939,North America,Canada,$2b$12$Md8SjpvpMHnRrj7toSVjd0,False
849,Santiago,Bhatt,santiago.bhatt849@yahoo.com,+80464446252,Europe,UK,$2b$12$FCAKPeq7k4ylKPvXdhMJR0,False
850,Haruto,Smith,haruto.smith850@gmail.com,+80003694131,Oceania,Australia,$2b$12$5FF57cF4d8UjNAuMT3zj1u,False
851,Pierre,Kapoor,pierre.kapoor851@yahoo.com,+47072687661,Oceania,Australia,$2b$12$VXdzfLXIu8fiw63I74Kh3N,False
852,Camila,Wilson,camila.wilson852@outlook.com,+13667384271,South America,Brazil,$2b$12$i0yWqaCC1h4j5Rw7wNbgvp,False
853,Marco,Nair,marco.nair853@hotmail.com,+47721008755,North America,Mexico,$2b$12$oxLhU0Zm2igSVhzzSFLe8I,False
854,Rahul,Iyer,rahul.iyer854@gmail.com,+31060175421,North America,Canada,$2b$12$PDpPrnIw3OxcvhnrOgkc49,False
855,Pooja,El-Masry,pooja.el-masry855@icloud.com,+43512142254,North America,Canada,$2b$12$sCsHIpNaNUdST8XbfiKSOu,False
856,Ngozi,Reddy,ngozi.reddy856@icloud.com,+26334145150,Asia,UAE,$2b$12$mdxssfsZo2fNgx7VFNOXKF,False
857,Rahul,Kim,rahul.kim857@hotmail.com,+60136741370,Africa,Nigeria,$2b$12$e7JriLWY23M6eyDRsr4ONl,False
858,Arjun,Martinez,arjun.martinez858@icloud.com,+73060315005,Asia,Singapore,$2b$12$FAM5rYNE6jQyQiTev4NEuf,False
859,Fatima,Silva,fatima.silva859@outlook.com,+90482487276,Europe,France,$2b$12$gSqeBy7oqklHnSYEoY745Y,False
860,Camila,Thomas,camila.thomas860@icloud.com,+54989631193,South America,Argentina,$2b$12$T7v5bZusPk9Tb0gZYNLZ0R,False
861,Anna,Kapoor,anna.kapoor861@hotmail.com,+12055374970,North America,Canada,$2b$12$kPmcjC7ceflHYcX4eBYRlj,False
862,Nadia,Rossi,nadia.rossi862@outlook.com,+27573077640,Africa,Nigeria,$2b$12$B06DGIEOqHMI8UTYGsH52v,False
863,Ananya,Okafor,ananya.okafor863@gmail.com,+76617785746,Africa,South Africa,$2b$12$DqatgwdtS03IH7If6MPfDC,False
864,Diego,Li,diego.li864@outlook.com,+67807755744,South America,Brazil,$2b$12$YxvQaUaoEmcARpqP6GIZe8,False
865,Chidi,Iyer,chidi.iyer865@icloud.com,+87283182224,Africa,South Africa,$2b$12$DxM46WDjlZhDzRvRF2lVSZ,False
866,Omar,Gupta,omar.gupta866@icloud.com,+11321950182,Asia,South Korea,$2b$12$EtG8mPnVA1kh6ufZz5BUJD,False
867,Santiago,Pillai,santiago.pillai867@outlook.com,+16837417991,Asia,India,$2b$12$EpTGayz2AJfyrE35rM7oBF,False
868,Chidi,Chopra,chidi.chopra868@yahoo.com,+56091295647,Europe,Spain,$2b$12$aChthTZqcEhBHCGJkQPiAr,False
869,Lucas,Mensah,lucas.mensah869@hotmail.com,+06015417380,Oceania,Australia,$2b$12$yVK4JcSev59j982ZehMgp8,False
870,Vihaan,Kapoor,vihaan.kapoor870@gmail.com,+22541591247,Asia,UAE,$2b$12$4pHHqoBLX0bOMcZKSOumxV,False
871,Mia,Bhatt,mia.bhatt871@gmail.com,+12260643888,Europe,UK,$2b$12$NMiaP6wB7oGfqxQtCsiXPO,False
872,Riya,Kowalski,riya.kowalski872@outlook.com,+82813575535,Oceania,New Zealand,$2b$12$KiFRESuFx9lrQdFbGtlEue,False
873,Rohan,Fernandez,rohan.fernandez873@icloud.com,+44563124119,North America,Canada,$2b$12$HJP3RXOPXPFT7Eoyat2g3I,False
874,Ananya,Joshi,ananya.joshi874@yahoo.com,+27192372570,Asia,South Korea,$2b$12$tD2hJqHW5pPAFk1kcUzeQr,False
875,Omar,Wilson,omar.wilson875@outlook.com,+07299898393,Europe,UK,$2b$12$88IDBL4NgmNwDyKoeoPLYg,False
876,Sarah,Wang,sarah.wang876@yahoo.com,+50959335857,Asia,UAE,$2b$12$iiIJjBdLJbfR30JGY04yDe,False
877,Mei,Hassan,mei.hassan877@outlook.com,+27780304767,Asia,China,$2b$12$kxYBK1DuTty3BpZNVuW6kl,False
878,Carlos,Novak,carlos.novak878@gmail.com,+79858075951,Asia,China,$2b$12$ISaIh8T9nXxgDDF0rNm2CX,False
879,Wei,Ndlovu,wei.ndlovu879@outlook.com,+79006550558,Asia,UAE,$2b$12$qt8mItyRWDNcoUPc3zsCyF,False
880,Min-jun,Kowalski,min-jun.kowalski880@outlook.com,+33056279156,South America,Argentina,$2b$12$ki9Uw0XRS6ZpTjFekSxk86,False
881,Krishna,Gupta,krishna.gupta881@yahoo.com,+01313185370,Europe,Italy,$2b$12$oLsXQA5TjBZHgVDoY2KSoU,False
882,Ngozi,Desai,ngozi.desai882@yahoo.com,+56825771923,Oceania,New Zealand,$2b$12$4o6fBeBO1j39e74bdSAqzv,False
883,Mia,Kim,mia.kim883@hotmail.com,+11217535612,Asia,India,$2b$12$8ofZ038cVqAB9GnfKZS5cy,False
884,Aadhya,Gupta,aadhya.gupta884@gmail.com,+80992325273,Europe,UK,$2b$12$L1tPmKWYCD2HvrSSHjkpaD,False
885,Santiago,Smith,santiago.smith885@gmail.com,+98450054308,North America,USA,$2b$12$zx5oYlL1ZKmxA0xZ7g6JLs,False
886,Zainab,Rao,zainab.rao886@gmail.com,+44446751820,Europe,Germany,$2b$12$uHmSPanFUs2HHgMYnHaneV,False
887,Arjun,Novak,arjun.novak887@icloud.com,+07308398066,Asia,UAE,$2b$12$9cRKRF9cjpWehTzRwfLgD2,False
888,Anika,Patel,anika.patel888@yahoo.com,+13417298610,Asia,Japan,$2b$12$lm6sxQhd069bG00wEjixo8,False
889,Vivaan,Rao,vivaan.rao889@gmail.com,+14717025875,Europe,Spain,$2b$12$eGIdB6gikd2crZ9jwll6uL,False
890,Deepak,Kapoor,deepak.kapoor890@icloud.com,+02707772213,Asia,India,$2b$12$jrwK3pNEXuAMBVavkidwnV,False
891,Ishaan,Rao,ishaan.rao891@gmail.com,+51525393810,Africa,Nigeria,$2b$12$FW2WA8xZk8sMvouLgm5fSs,False
892,Yasmin,Kim,yasmin.kim892@yahoo.com,+14917633972,Asia,South Korea,$2b$12$twxRXwkaS4cKnnZpsh444o,False
893,Laura,Brown,laura.brown893@gmail.com,+94088472832,North America,Canada,$2b$12$l6MqcXXaDDCwuu59gSJplU,False
894,Pierre,Muller,pierre.muller894@hotmail.com,+52674749275,North America,USA,$2b$12$wi85zAAlgqxjc52sMi5Ykn,False
895,Carlos,Agarwal,carlos.agarwal895@hotmail.com,+92189744672,Asia,India,$2b$12$ufvPTavZ1ITp1DQqkHGJYV,False
896,Haruto,Suzuki,haruto.suzuki896@hotmail.com,+00364642779,Asia,China,$2b$12$sCfWieG5xllZOE5gMwo47Z,False
897,David,Hassan,david.hassan897@yahoo.com,+83738682015,Africa,South Africa,$2b$12$jSwxmK1oHONqbZKRGxpOZu,False
898,Arjun,Khan,arjun.khan898@yahoo.com,+96849928054,Asia,South Korea,$2b$12$bjJoYqEoCQXTFCu9T3TfqC,False
899,Sai,Rodriguez,sai.rodriguez899@icloud.com,+39611130278,South America,Argentina,$2b$12$t4EnLxh66WtZr22ktRoXQo,False
900,Sakura,Kapoor,sakura.kapoor900@icloud.com,+74690973441,Asia,South Korea,$2b$12$WcxlaTjRe38tEMKb85EIkU,False
901,Aarav,Wang,aarav.wang901@gmail.com,+22054319647,Europe,Spain,$2b$12$FrtfWdIYdjVZfqLHGqHd2H,False
902,Vihaan,Rodriguez,vihaan.rodriguez902@hotmail.com,+32676506642,Asia,UAE,$2b$12$xwwAlLlt1I3OWfFvbflaBd,False
903,Meera,Ndlovu,meera.ndlovu903@icloud.com,+93274563119,Asia,Singapore,$2b$12$ZK7fe1yVlaEJgang99aCxb,False
904,Tendai,Li,tendai.li904@outlook.com,+54379754883,South America,Brazil,$2b$12$P0L4NH6RVWbTUEIZiGVqqa,False
905,James,Al-Farsi,james.al-farsi905@hotmail.com,+98801270001,Europe,UK,$2b$12$tw7fOdXDA6UgqqLZNyUVeH,False
906,Yasmin,Ndlovu,yasmin.ndlovu906@gmail.com,+97726758536,Asia,Singapore,$2b$12$SLpjsv5MZbWlJx1PCFRSJT,False
907,Olivia,Khan,olivia.khan907@gmail.com,+98459752990,Europe,France,$2b$12$Wbw3tZIqvEhtQ46xXyY4BL,False
908,Kavya,Petrov,kavya.petrov908@gmail.com,+01318918173,South America,Argentina,$2b$12$1ipMlXquYGXMFFX9bFWNEX,False
909,Jane,Menon,jane.menon909@gmail.com,+04891824197,South America,Argentina,$2b$12$DiqcR8xT8y2bQkWaZyoI9j,False
910,Krishna,Smith,krishna.smith910@icloud.com,+67812044060,Asia,Singapore,$2b$12$tNf7G9zZuBvHnF0jX0cPEN,True
911,Diego,Nair,diego.nair911@hotmail.com,+77818586606,Oceania,Australia,$2b$12$snrjz2WlIedMsRjhSmdWR5,False
912,Priya,Iyer,priya.iyer912@hotmail.com,+48608022918,Asia,Japan,$2b$12$LDPXNt3R2IB0LW3rljLY8c,False
913,Jane,Martin,jane.martin913@yahoo.com,+26036788532,North America,USA,$2b$12$aQqDeeGQ2DO1AmZariNqvO,False
914,Pierre,Desai,pierre.desai914@icloud.com,+96944872527,Asia,Singapore,$2b$12$swEh58SgDwk2zOQtv8ZFHa,False
915,Ling,Taylor,ling.taylor915@gmail.com,+08906033594,South America,Argentina,$2b$12$maX6krvYzcKjO1e9Pdnk2S,False
916,Mia,Thomas,mia.thomas916@icloud.com,+30834025935,North America,Mexico,$2b$12$xGvzNmV68kzqNuyiIHIvUL,False
917,Wei,Khan,wei.khan917@gmail.com,+83209121737,North America,Mexico,$2b$12$kwOhv2BFQtZbDLoWeONWmj,False
918,Valentina,Novak,valentina.novak918@gmail.com,+60300420449,Europe,France,$2b$12$J8WnzqWFBaNBcmTUEUTMmA,True
919,Amit,Mensah,amit.mensah919@gmail.com,+63403509572,Africa,Nigeria,$2b$12$YtOZHFlEchHnvwDRB0D99A,False
920,Ji-woo,Brown,ji-woo.brown920@hotmail.com,+83956291048,Asia,Japan,$2b$12$VC2Vut2HRPko3r1w0Jgq7m,False
921,Amara,Pillai,amara.pillai921@yahoo.com,+98594417313,Oceania,New Zealand,$2b$12$ojLY6224JYNibgvENGwT1n,False
922,Hiro,Lopez,hiro.lopez922@outlook.com,+62335761362,Africa,South Africa,$2b$12$q58tFJN1gGnUKU4W0YMyuw,False
923,Lucas,Menon,lucas.menon923@outlook.com,+03661617513,Asia,South Korea,$2b$12$LXwJzLYzymECj81s6qziLD,False
924,Saanvi,Suzuki,saanvi.suzuki924@hotmail.com,+84670937453,Asia,UAE,$2b$12$qr5QjiepTdpcOYG4QVt1Nf,False
925,Amit,Anderson,amit.anderson925@yahoo.com,+81828000525,Europe,Spain,$2b$12$f3rCVVbM4vHqShGzNE88rc,False
926,Elena,Malhotra,elena.malhotra926@gmail.com,+80574960531,North America,Canada,$2b$12$EKUGKbVuxAeExopc3s2ZCY,False
927,Wei,Li,wei.li927@yahoo.com,+92028584131,Europe,Italy,$2b$12$nl3OQ5ak7hBbukpYrY3HHu,False
928,Sunita,Pillai,sunita.pillai928@yahoo.com,+52933951427,Asia,South Korea,$2b$12$PY1mQiEfI0YSJMgTQiNxFY,False
929,Noah,Malhotra,noah.malhotra929@hotmail.com,+57973254389,Europe,UK,$2b$12$t4zFbhr8qy0tYhiahLfLLo,False
930,Jin,Al-Farsi,jin.al-farsi930@hotmail.com,+36903747404,Europe,Germany,$2b$12$ckiG5ANsfnD1p8NwMRQ1Pb,False
931,Mei,Malhotra,mei.malhotra931@gmail.com,+48111596886,North America,USA,$2b$12$x4mEFI1HapNWOTof6IT7l2,False
932,Omar,Ibrahim,omar.ibrahim932@hotmail.com,+62978931849,South America,Brazil,$2b$12$wMxm2vbj7YPWO4gdR7K7yP,False
933,Amit,Chopra,amit.chopra933@gmail.com,+62363226000,Africa,South Africa,$2b$12$F2OBptejFbDckQbuldmgeP,False
934,Ahmed,Thomas,ahmed.thomas934@hotmail.com,+70415004614,Africa,Nigeria,$2b$12$h6Ez2WA8GR8SKMO8RsbWEz,False
935,Lucas,Rodriguez,lucas.rodriguez935@yahoo.com,+86739164097,Europe,Italy,$2b$12$5jcT5Z21Q5vUfGs6BmJehA,False
936,Lukas,Desai,lukas.desai936@yahoo.com,+20650974224,Asia,South Korea,$2b$12$NKdQdYcbGXVLl7bvUMXV6G,False
937,Aadhya,Lopez,aadhya.lopez937@outlook.com,+03211333651,Oceania,New Zealand,$2b$12$YjkdmgZEBNwJaS2ceiLVZW,False
938,Saanvi,El-Masry,saanvi.el-masry938@yahoo.com,+97409741122,Asia,South Korea,$2b$12$JRrUl7c6CNjt1alNXAfj3n,False
939,James,Muller,james.muller939@hotmail.com,+24038806953,Europe,France,$2b$12$J6xeYWO3WQudT0ROSrhN6i,False
940,David,Chopra,david.chopra940@icloud.com,+42396419173,Europe,Spain,$2b$12$eRA3DGd7uBN1XVgfZ4M4tv,False
941,Layla,El-Masry,layla.el-masry941@icloud.com,+21364021499,South America,Brazil,$2b$12$kXPn9bVmWEodMjB63ETZLm,False
942,Olivia,Novak,olivia.novak942@outlook.com,+91404573044,Asia,China,$2b$12$YfGWJvzCU9WtgD1NtfpSPC,False
943,Ivan,Lopez,ivan.lopez943@outlook.com,+60647927194,Africa,Nigeria,$2b$12$uk8AVCJNw6CV4xo8WX6b6h,True
944,Emily,Malhotra,emily.malhotra944@outlook.com,+77637466412,Africa,South Africa,$2b$12$jnhfhExvk8uDino8kFHevf,False
945,Ananya,Fernandez,ananya.fernandez945@hotmail.com,+95627421352,North America,USA,$2b$12$kPJEnM40kQp1DUHP5i4DiA,False
946,Ananya,Nair,ananya.nair946@outlook.com,+22274415974,South America,Brazil,$2b$12$dHDyBMZybI6yh3zxsTjMvx,False
947,Anna,Nakamura,anna.nakamura947@outlook.com,+33007896942,Europe,Italy,$2b$12$nYC5ZVB6KBv4p2oVrZZT9F,False
948,Diya,Chen,diya.chen948@outlook.com,+22709737141,Asia,Japan,$2b$12$0IczcPju2TuFKvUjApQNYw,False
949,Elena,Tanaka,elena.tanaka949@yahoo.com,+10778999077,Europe,France,$2b$12$oc1uUwuoWrsRGUg7ohgtAe,False
950,Deepak,Tanaka,deepak.tanaka950@outlook.com,+11983030630,Europe,Italy,$2b$12$MMWbfmBKmwFHGNU07yurvH,False
951,Krishna,Verma,krishna.verma951@hotmail.com,+98990777239,Europe,Spain,$2b$12$Le9cyCvnGaUQVY3jZIh9Yq,False
952,Sunita,Wang,sunita.wang952@outlook.com,+06775797123,North America,Canada,$2b$12$3TBkT5laosx87PnnfXn3LE,False
953,Sakura,Novak,sakura.novak953@icloud.com,+33261769028,South America,Argentina,$2b$12$5jCql6LjgtZjTguGhyqcaj,False
954,Sophia,Thomas,sophia.thomas954@icloud.com,+45072931544,North America,Mexico,$2b$12$UcFbnlvUAaisrJvUpQg99r,False
955,Valentina,Bhatt,valentina.bhatt955@outlook.com,+93361822035,Europe,Italy,$2b$12$oa8cags8kJOXR9P0tzT2aA,False
956,Haruto,Dubois,haruto.dubois956@icloud.com,+78738123529,Europe,UK,$2b$12$XhvHf4wWAy71FCWQ8ugmGt,False
957,Olivia,Iyer,olivia.iyer957@gmail.com,+23644941772,Europe,UK,$2b$12$Y2l9NqmkDeiUEGuIvcJfQ4,False
958,Min-jun,Chen,min-jun.chen958@icloud.com,+83117247849,Europe,Italy,$2b$12$PJ7nVmaoFdrdpSjqixVHmt,False
959,Anna,Wang,anna.wang959@yahoo.com,+38207799167,Oceania,Australia,$2b$12$PDC1YpRX3qTlBeLQBzpV4i,False
960,Noah,Martin,noah.martin960@outlook.com,+60068104399,Oceania,Australia,$2b$12$rLwabo7LpdUxyIoTtRGjMe,False
961,Aadhya,Rossi,aadhya.rossi961@yahoo.com,+59294401141,Europe,Italy,$2b$12$SxPozspvdyhGfaBs2qyo3W,False
962,Olivia,Anderson,olivia.anderson962@outlook.com,+16805941094,Asia,Japan,$2b$12$kpljo0CxllIUIOq6Z2PRej,False
963,Chidi,Kowalski,chidi.kowalski963@yahoo.com,+18870021537,Oceania,New Zealand,$2b$12$iDKhUIK4KaV2fHDjr1yHWB,False
964,Meera,Patel,meera.patel964@hotmail.com,+17916502783,Europe,Germany,$2b$12$3E9j3gYPI2NRU0o0Kb4V3V,False
965,Elena,Silva,elena.silva965@gmail.com,+12854074585,Oceania,Australia,$2b$12$vvrzcUU9I9nDWWVCe1xOi6,False
966,Ling,Nakamura,ling.nakamura966@icloud.com,+95396726512,North America,Mexico,$2b$12$p9Suw8KQLoiazQsnyoAIqb,False
967,Haruto,Desai,haruto.desai967@icloud.com,+95712948839,Europe,Germany,$2b$12$gzkXkbMMPjQ1LyDYiSq2iG,False
968,Lakshmi,Desai,lakshmi.desai968@outlook.com,+71017124136,Europe,Spain,$2b$12$yExc1HLGGLAibHlCLKkO6w,True
969,Nadia,El-Masry,nadia.el-masry969@outlook.com,+94754590508,North America,USA,$2b$12$hFMyLVJXjsIq9QzV8aIAUt,False
970,Vihaan,Khan,vihaan.khan970@hotmail.com,+60640930636,Africa,Nigeria,$2b$12$uV3iMWkP80m9wDsRhSd0uG,True
971,Sunita,Li,sunita.li971@gmail.com,+18448505631,Africa,South Africa,$2b$12$ogb8idF7fpIEj6wPCK4uYs,False
972,Noah,Gupta,noah.gupta972@hotmail.com,+08058327605,Europe,Italy,$2b$12$tcvKNAwn4xs6N0yAT8WCLv,False
973,Emily,Nakamura,emily.nakamura973@yahoo.com,+03389670074,Africa,Nigeria,$2b$12$Cyg2iqpnE7uTTVMTVQIfFU,False
974,Emily,Kowalski,emily.kowalski974@hotmail.com,+56367261379,South America,Argentina,$2b$12$vpKiS8EbqbCtV0A8Bh4y2T,False
975,Saanvi,Verma,saanvi.verma975@yahoo.com,+06567072140,Africa,Nigeria,$2b$12$6OKorutK1cMVBrAZ4QEOPV,False
976,Neha,Martin,neha.martin976@hotmail.com,+65507023748,Africa,Nigeria,$2b$12$ievqMG4Wj0VxdXlnDfypd3,False
977,Ishaan,Chen,ishaan.chen977@hotmail.com,+97072890061,Asia,South Korea,$2b$12$qHYDsUQaYhTgehTCLrhWZ0,False
978,Hiro,Muller,hiro.muller978@yahoo.com,+95582590113,North America,Mexico,$2b$12$e5HmmFLdEo4MxAZQy0MdN6,False
979,Arnav,Bhatt,arnav.bhatt979@hotmail.com,+11843494490,Oceania,Australia,$2b$12$1c28kNUcZysqFXYnZZdta9,False
980,Hiro,Martin,hiro.martin980@outlook.com,+47588382290,Asia,Singapore,$2b$12$Dq3Q6X7nmevIJPTYGqB2Y4,False
981,Ling,El-Masry,ling.el-masry981@yahoo.com,+36482512172,Oceania,Australia,$2b$12$HWzaUfN9bT1MQ3WcVUoO00,False
982,Omar,Patel,omar.patel982@outlook.com,+63588079616,Oceania,New Zealand,$2b$12$1WhEoeq4LVFwD9rt0w48eP,False
983,Wei,Rodriguez,wei.rodriguez983@icloud.com,+66456477367,Europe,UK,$2b$12$f2h3VHmqA03FoIZH3aFcLM,False
984,Ahmed,Fernandez,ahmed.fernandez984@gmail.com,+47137866373,Asia,China,$2b$12$tX6CAlbzBV1gjIxRtzBLe2,False
985,Jin,El-Masry,jin.el-masry985@icloud.com,+02694875844,Europe,UK,$2b$12$vnNiKdqTx3wQb8MRurBpbP,False
986,Ahmed,Al-Farsi,ahmed.al-farsi986@icloud.com,+76549004035,North America,Canada,$2b$12$SPIG9GRzcvSNRUnYStF1ks,False
987,Sakura,Garcia,sakura.garcia987@outlook.com,+42269751242,Oceania,New Zealand,$2b$12$lsmX98w5fgur4VUXSFda8F,False
988,Lakshmi,Martinez,lakshmi.martinez988@hotmail.com,+63824727564,Oceania,Australia,$2b$12$7bNrwOEi9SwMjAAxD4aI63,False
989,Rahul,Muller,rahul.muller989@yahoo.com,+97159257255,Oceania,Australia,$2b$12$3zJKZ7phqqs4nAwqm9MgOL,False
990,Valentina,Anderson,valentina.anderson990@gmail.com,+11519573247,Africa,South Africa,$2b$12$wWXWNBmc40mXcojvtFChjY,False
991,Arnav,Moore,arnav.moore991@outlook.com,+32156522332,Asia,Singapore,$2b$12$H5itj5jXlTC8euS4HgNDWI,False
992,Wei,Al-Farsi,wei.al-farsi992@icloud.com,+93268460501,Asia,Japan,$2b$12$3hMTzDRCyKXi2mgle7sVlG,False
993,Anika,Kapoor,anika.kapoor993@yahoo.com,+52017539383,Oceania,New Zealand,$2b$12$AO9ORqhfsIdqN29ogJ6A4U,False
994,Sophia,Mensah,sophia.mensah994@hotmail.com,+01211392292,Asia,South Korea,$2b$12$36gzdcDP2icg5PDgwhbBFC,False
995,Mei,Lopez,mei.lopez995@hotmail.com,+86955256901,Asia,Singapore,$2b$12$24hrFyBRlZqvnNRMEsQhtQ,False
996,Min-jun,Khan,min-jun.khan996@hotmail.com,+07093297587,Europe,Germany,$2b$12$Qqvt2JhjeonBU2IVOtLst9,False
997,Laura,Kulkarni,laura.kulkarni997@yahoo.com,+63979953991,South America,Brazil,$2b$12$4OKQUdwgGsu0m4AliS32k2,True
998,John,Smith,john.smith998@yahoo.com,+66792960519,Africa,Nigeria,$2b$12$nCaqt7rrqpHmsHUgvJ462F,False
999,Marco,Thomas,marco.thomas999@outlook.com,+79634918456,Asia,UAE,$2b$12$g7M45XALQ2oIKmy5aFL4ry,False
1000,David,Hassan,david.hassan1000@icloud.com,+01170617942,Asia,India,$2b$12$eu9VAN7Bs20GaahQkdQDGl,False
1001,Camila,Martinez,camila.martinez1001@icloud.com,+46765622958,Europe,UK,$2b$12$npN84hQUcNBmW5LmAF3XPV,False
1002,Zainab,Hassan,zainab.hassan1002@outlook.com,+64561470015,North America,USA,$2b$12$Rti0I7QDOO8wxvgDBmYQok,False
1003,Yuki,Rossi,yuki.rossi1003@icloud.com,+24120841598,Asia,Singapore,$2b$12$MajB9eGIpGNi7pwbKKhsVS,False
1004,Tendai,Petrov,tendai.petrov1004@outlook.com,+84333918986,Asia,UAE,$2b$12$tNUxkb7tXuSuL7UkGqnZ85,False
1005,Ananya,Said,ananya.said1005@yahoo.com,+80859095150,South America,Argentina,$2b$12$0DGHTdZY9KCDMsWBrTufGF,False
1006,Nadia,Brown,nadia.brown1006@gmail.com,+05812350649,Oceania,New Zealand,$2b$12$scDVXnA4vDQC0wEGUurwom,False
1007,Ngozi,Nakamura,ngozi.nakamura1007@hotmail.com,+34098348222,Asia,India,$2b$12$YvqYWpsYr1MPHbZIkZswNr,False
1008,Sarah,Anderson,sarah.anderson1008@hotmail.com,+72019892445,Africa,Nigeria,$2b$12$atQASepodOnD9pm5wsSixm,False
1009,Zainab,Khan,zainab.khan1009@icloud.com,+05022686455,South America,Brazil,$2b$12$3sJGEeq1H2ItvWoL60yrML,True
1010,Laura,Fernandez,laura.fernandez1010@hotmail.com,+19921160161,Europe,France,$2b$12$SeHa92TsUBOoD2lxslyLdm,False
1011,Sanjay,Brown,sanjay.brown1011@gmail.com,+00732615466,Africa,Nigeria,$2b$12$YquPU7jUSh2tAXGrtTlDU2,False
1012,Mateo,Wang,mateo.wang1012@outlook.com,+62150468695,North America,Canada,$2b$12$Zwm5Lz3TDmfGhtQa9B1kC7,False
1013,Rahul,Gupta,rahul.gupta1013@hotmail.com,+42683006610,Asia,South Korea,$2b$12$NYQTwCdqduTmDIkYVlcash,False
1014,Lakshmi,Silva,lakshmi.silva1014@outlook.com,+63427700561,Oceania,Australia,$2b$12$bCGbLzmgVgmSN9cmPoxsYW,False
1015,Laura,Chen,laura.chen1015@outlook.com,+16416027209,Asia,UAE,$2b$12$XFEJeHr6lc7jGxqEThP3rQ,False
1016,Chidi,Moore,chidi.moore1016@icloud.com,+25898380315,Oceania,Australia,$2b$12$55O6WFh0rTNwWOU7rVcRjn,False
1017,Emma,Tanaka,emma.tanaka1017@hotmail.com,+87917740192,North America,Canada,$2b$12$mZxywM4QgFgkmR2p6qthcM,False
1018,Sarah,Joshi,sarah.joshi1018@hotmail.com,+69424218367,Asia,Japan,$2b$12$zhJvy3zCQ3TEslhVTv67Mq,False
1019,Vihaan,Nakamura,vihaan.nakamura1019@outlook.com,+55157126938,South America,Argentina,$2b$12$FYFEH0zlFN5h6XSomAlOUD,False
1020,Rohan,Garcia,rohan.garcia1020@yahoo.com,+15945155923,Asia,Singapore,$2b$12$QW4Qoi6V0AjLNnDAqYE5a6,False
1021,Arjun,Smith,arjun.smith1021@outlook.com,+69268642201,Africa,South Africa,$2b$12$PRreoBulaRPkW89mAda08m,False
1022,Reyansh,Menon,reyansh.menon1022@icloud.com,+41060159701,Asia,India,$2b$12$CbYHs8iqUzRoOIcusKBDk5,False
1023,Kwame,Wilson,kwame.wilson1023@hotmail.com,+77398777179,Asia,UAE,$2b$12$UPrQoEqsOtTF8l6iIxUipo,False
1024,Chidi,Kapoor,chidi.kapoor1024@hotmail.com,+20329469779,Asia,China,$2b$12$5HkWrnEX0a39tGxDOODDEz,True
1025,Santiago,Brown,santiago.brown1025@gmail.com,+62733630956,Africa,South Africa,$2b$12$hxS8Y1WFQZnjqGWB8uC4kZ,False
1026,Arjun,Khan,arjun.khan1026@icloud.com,+86672871188,North America,Mexico,$2b$12$j4uNSxIU2gE0IbhYAR3fCj,False
1027,Reyansh,Nair,reyansh.nair1027@yahoo.com,+91887454052,Europe,France,$2b$12$0C2sj1MlRzcqUhuqT1WSf4,False
1028,Deepak,Garcia,deepak.garcia1028@icloud.com,+20408883156,North America,Canada,$2b$12$kzZonbwECcmanLakHI3J5S,False
1029,Hiro,Desai,hiro.desai1029@outlook.com,+08480440795,South America,Brazil,$2b$12$IxgR6wwgLtaauCCTGWsoHg,False
1030,Karan,Adeyemi,karan.adeyemi1030@icloud.com,+36337524850,Europe,Germany,$2b$12$Vl48HtuADemWdB2f5DASWD,False
1031,Michael,Silva,michael.silva1031@icloud.com,+87299939885,Europe,Spain,$2b$12$f8a2AFV6jYOwAViFSHBGFX,False
1032,Kavya,Agarwal,kavya.agarwal1032@hotmail.com,+22959550451,Africa,Nigeria,$2b$12$Y4et2NxMC3IBMlVmbdegds,False
1033,Zainab,Kim,zainab.kim1033@icloud.com,+15274414552,Europe,Italy,$2b$12$7gP2YwdwLUisLStYXwHDPt,False
1034,Lakshmi,Nair,lakshmi.nair1034@hotmail.com,+09992619048,North America,Mexico,$2b$12$uAnK7v1CkEEbDkXHsaJRA4,False
1035,Sai,Iyer,sai.iyer1035@icloud.com,+78400104014,North America,USA,$2b$12$mUEtrBeOzQF8fEHpPwV50N,False
1036,Carlos,Petrov,carlos.petrov1036@gmail.com,+76095338424,Europe,Germany,$2b$12$S18S47kFw6U2v0f6oGSUnI,False
1037,Zola,Rodriguez,zola.rodriguez1037@gmail.com,+01323061290,Oceania,Australia,$2b$12$GWtVMV2AAXW2INdCp0hWZD,False
1038,Vivaan,Rao,vivaan.rao1038@outlook.com,+25331475967,Asia,Japan,$2b$12$PJQQpQ3tts43v6VyZ41Dnk,False
1039,Lucas,Bhatt,lucas.bhatt1039@icloud.com,+46585408476,Oceania,New Zealand,$2b$12$ZTRc7hJ6pG0qgDXJBNdv2y,False
1040,Isabella,Kapoor,isabella.kapoor1040@hotmail.com,+06422606800,Europe,Germany,$2b$12$7I5Mz5qyS2l9AvhbILf4Hd,False
1041,Yasmin,Wilson,yasmin.wilson1041@outlook.com,+07890403369,Europe,Italy,$2b$12$0mPPYY9fwwxoo73QIDQ1AH,False
1042,Ngozi,Bhatt,ngozi.bhatt1042@outlook.com,+80222367972,Europe,UK,$2b$12$44oombRAbmGZPHlrWV1GqF,True
1043,Noah,Chatterjee,noah.chatterjee1043@hotmail.com,+13793100656,Europe,Italy,$2b$12$3l09YOz0jVyFCa9PLgW7Yp,False
1044,Jane,Tanaka,jane.tanaka1044@icloud.com,+04136262543,Asia,South Korea,$2b$12$lwbICF9OzWwU54GDyH62Lr,False
1045,Yasmin,Malhotra,yasmin.malhotra1045@icloud.com,+15967807269,Africa,Nigeria,$2b$12$xplaVTlQkrqiTczEJlDXx6,False
1046,Aadhya,Adeyemi,aadhya.adeyemi1046@gmail.com,+84861299833,Europe,Italy,$2b$12$AWh0D9RTjJTYxIkADc4Nl3,False
1047,Rahul,Silva,rahul.silva1047@outlook.com,+80866497058,South America,Argentina,$2b$12$QQ5zwM3YWVcEww1yZ4CkR1,False
1048,Haruto,Lopez,haruto.lopez1048@yahoo.com,+07258400792,Asia,Singapore,$2b$12$zmG8GBBTvT9V5W0cvq1o8R,False
1049,Fatima,Chopra,fatima.chopra1049@hotmail.com,+94059296364,Europe,France,$2b$12$hQvs9XVtPvLyLUtag47QgK,False
1050,Ananya,El-Masry,ananya.el-masry1050@outlook.com,+08357073547,Oceania,Australia,$2b$12$AoxW92mFGsAxezwsMScvbY,False
1051,David,Okafor,david.okafor1051@icloud.com,+11412686384,Asia,China,$2b$12$5C6M16KBUksImE1W31uSx8,False
1052,Jane,Malhotra,jane.malhotra1052@outlook.com,+17536721506,Europe,UK,$2b$12$kq6oMsrPXo8fg8dthnewsj,False
1053,Sarah,Garcia,sarah.garcia1053@hotmail.com,+42533269628,Oceania,New Zealand,$2b$12$ScDsOuDYiBITHTXWM4bEXg,False
1054,Marco,Smith,marco.smith1054@gmail.com,+12080512680,Oceania,Australia,$2b$12$YcWlPZYJ4ioiS35GikM39S,False
1055,Reyansh,Martinez,reyansh.martinez1055@icloud.com,+12901430561,North America,USA,$2b$12$2DmCgPuua9AWGNDQm9Aa7b,False
1056,Claire,Martin,claire.martin1056@gmail.com,+60722185620,Oceania,Australia,$2b$12$DWwmoQJFFt5oZWakIj0BZh,False
1057,Mia,Rodriguez,mia.rodriguez1057@yahoo.com,+04377343666,Oceania,Australia,$2b$12$bNX9WUdLSy9912JYeoPhYl,False
1058,Diego,Rao,diego.rao1058@icloud.com,+03931107053,Africa,Nigeria,$2b$12$vqHfY3UlsoL327QnysdXJ8,False
1059,Sophia,Wilson,sophia.wilson1059@icloud.com,+08789975641,Europe,France,$2b$12$0OcBDPJWbg7AZ1hRkjpUfP,False
1060,Lakshmi,Agarwal,lakshmi.agarwal1060@outlook.com,+34089448465,Asia,Singapore,$2b$12$xqovvtG9BlLZLGP2e837E0,False
1061,Diego,Mehta,diego.mehta1061@outlook.com,+27126797084,Asia,Japan,$2b$12$fz2qVtKO2vWAyeeVgglukK,False
1062,Layla,Kulkarni,layla.kulkarni1062@gmail.com,+05144085945,Asia,Singapore,$2b$12$YGP33OeWUskirU6jzZf6br,False
1063,Saanvi,Wilson,saanvi.wilson1063@icloud.com,+82919652559,Asia,Singapore,$2b$12$cVABHsUAXOP9FsTRDu5peN,False
1064,Omar,Menon,omar.menon1064@gmail.com,+84333007246,Asia,Singapore,$2b$12$fV0So6fgsHSs4YodRkrVlv,False
1065,Sofia,El-Masry,sofia.el-masry1065@gmail.com,+63714150962,Asia,Japan,$2b$12$5QM9VCPHw8KUzmhXGFhWqL,False
1066,Emma,Suzuki,emma.suzuki1066@outlook.com,+63515115520,Asia,UAE,$2b$12$vokYfat3RYm8hcDBsktxLw,False
1067,Nadia,Okafor,nadia.okafor1067@gmail.com,+49709450373,Asia,Japan,$2b$12$pLKBg7GrSzkRfrPS9RoSUP,False
1068,Ji-woo,Said,ji-woo.said1068@gmail.com,+10980983622,North America,USA,$2b$12$UYJ9NdkEAYPaCH8OlltygW,False
1069,Karan,Rao,karan.rao1069@hotmail.com,+72331868512,North America,USA,$2b$12$eehiIY6YQKtz2gZYdot4BW,False
1070,Aarav,Reddy,aarav.reddy1070@hotmail.com,+39261964332,Oceania,New Zealand,$2b$12$LfPN15K2iMJkHQzPUKyqO3,False
1071,Ali,Anderson,ali.anderson1071@yahoo.com,+58275770091,Oceania,Australia,$2b$12$CF4sYpprdCvoUGmlYqyhXw,False
1072,Riya,Martin,riya.martin1072@hotmail.com,+57500683598,Asia,South Korea,$2b$12$RzXz3SDDMQRcqBHfmCBMeX,False
1073,Sofia,Desai,sofia.desai1073@hotmail.com,+56974639023,Europe,UK,$2b$12$sI6xtqO7Im6czhc9f4Ht1a,False
1074,Laura,Martinez,laura.martinez1074@yahoo.com,+25785650705,South America,Argentina,$2b$12$QVwsabcCGARwXO6ThIOacb,False
1075,James,Park,james.park1075@hotmail.com,+97538831569,North America,Mexico,$2b$12$k2olBy9g0otE8ovOPwiW3L,False
1076,Aadhya,Garcia,aadhya.garcia1076@outlook.com,+82293433524,Europe,Italy,$2b$12$2p1Y35vhUPONcPEb1bosWe,False
1077,Yasmin,Nair,yasmin.nair1077@icloud.com,+31784265557,Europe,Spain,$2b$12$xwz2uvzy7qhAfX3ZXARy0m,False
1078,Kavya,Fernandez,kavya.fernandez1078@gmail.com,+00019766027,North America,USA,$2b$12$i8wtPvUAWeTuA5DeCoDnNo,False
1079,Noah,Kapoor,noah.kapoor1079@yahoo.com,+45707644022,Africa,Nigeria,$2b$12$C7NRV521vMYIhFnQ1RILHB,False
1080,Chidi,Thomas,chidi.thomas1080@yahoo.com,+81212027737,Asia,Japan,$2b$12$oPvjXIGGeHHFaUMUFuZvCb,False
1081,Nadia,Thomas,nadia.thomas1081@yahoo.com,+69825735431,Europe,Spain,$2b$12$khAquVQXYpM1sxGXjCpSow,False
1082,Claire,Fernandez,claire.fernandez1082@icloud.com,+07862061590,Asia,Japan,$2b$12$vePpERW4hMuVya1VuZzzsE,False
1083,Marco,Bhatt,marco.bhatt1083@hotmail.com,+59388436641,North America,USA,$2b$12$9dKkhdqTTXjg85R0XJD8P2,False
1084,Yuki,Desai,yuki.desai1084@outlook.com,+72104132474,Asia,China,$2b$12$mnN7MBbjomRQx9yBGJlsQ0,False
1085,Riya,Chatterjee,riya.chatterjee1085@outlook.com,+51196050036,Asia,Japan,$2b$12$Ah0KBKZaw6s8rCeSo0ihDf,False
1086,Chidi,Smith,chidi.smith1086@icloud.com,+67115876089,Europe,Spain,$2b$12$uQFIfQfJXTvjZnEobzIVSZ,False
1087,Camila,Malhotra,camila.malhotra1087@outlook.com,+53669157380,Africa,Nigeria,$2b$12$YyvLDsbDD6YqgWEcUvkOWW,False
1088,Claire,Malhotra,claire.malhotra1088@yahoo.com,+17142603935,Europe,Germany,$2b$12$rKC1lYvMFvowLMMOdytyxk,False
1089,Ahmed,Desai,ahmed.desai1089@gmail.com,+96796858635,North America,Mexico,$2b$12$7aKCRZOVq9fPjoZPNZrNmD,False
1090,Saanvi,Martin,saanvi.martin1090@yahoo.com,+33243634133,Asia,Japan,$2b$12$zMebbqJj9zs3klxeQWv1aG,False
1091,Sarah,Chatterjee,sarah.chatterjee1091@hotmail.com,+94037113340,Africa,South Africa,$2b$12$Tx6A4OoZblW3yORT4fl4HG,False
1092,Mia,Wilson,mia.wilson1092@outlook.com,+72752407331,Europe,Italy,$2b$12$ywpyes9kTcTqREWPIT7Kkh,False
1093,Chidi,El-Masry,chidi.el-masry1093@outlook.com,+33292153470,North America,USA,$2b$12$HALPlU9u55zX50yPKzN5b3,False
1094,Liam,Desai,liam.desai1094@outlook.com,+50001399196,Oceania,New Zealand,$2b$12$wZg3B4AUKmpHEMYVdEjFH9,False
1095,Divya,Muller,divya.muller1095@icloud.com,+57425761928,Asia,China,$2b$12$yCFidSsw9p4Mq7MtBx0CcQ,False
1096,Reyansh,Garcia,reyansh.garcia1096@icloud.com,+30952011911,Europe,UK,$2b$12$Uy5AqRh9QtfKKXrnzY4wcg,False
1097,Chidi,Malhotra,chidi.malhotra1097@gmail.com,+88265537879,Asia,Singapore,$2b$12$HbScAXDPuXAU7xo5Q2xvhV,False
1098,Sofia,Pillai,sofia.pillai1098@gmail.com,+16959389675,Europe,Spain,$2b$12$0YsEEhauF92S7WG45mr8aG,False
1099,Vihaan,Malhotra,vihaan.malhotra1099@yahoo.com,+35902436361,Oceania,Australia,$2b$12$xU7tnuSwNvTdvtLOT3XcQb,False
1100,Sophia,Agarwal,sophia.agarwal1100@icloud.com,+36476349907,Europe,France,$2b$12$zKtRXLG8OoODb4XMPJv5Iv,False
1101,Emily,Brown,emily.brown1101@outlook.com,+40603684884,Asia,South Korea,$2b$12$QjtifYB1NonCfKCiG04ze1,False
1102,James,Menon,james.menon1102@icloud.com,+16083774978,Asia,Japan,$2b$12$IVcsrSQTytlpkZQQ2TtthS,False
1103,Nadia,Sharma,nadia.sharma1103@hotmail.com,+04984025690,Europe,Germany,$2b$12$2SDuBqkAoT4ma2sp10JjRT,False
1104,Saanvi,Thomas,saanvi.thomas1104@outlook.com,+32912216559,Asia,India,$2b$12$BIHPF8cdjjEelG3XndTW5A,False
1105,Lakshmi,Said,lakshmi.said1105@yahoo.com,+43385167255,North America,Mexico,$2b$12$d6rxz9wIF97NgvPXUEPtND,False
1106,Priya,Kulkarni,priya.kulkarni1106@yahoo.com,+10767359261,Asia,Singapore,$2b$12$Q2YTVklZHAPfkjJecPTpQf,False
1107,Rahul,Mensah,rahul.mensah1107@gmail.com,+09165856887,South America,Argentina,$2b$12$zwv1eMqEmTdeu2blEbHwOd,False
1108,Ivan,Brown,ivan.brown1108@outlook.com,+11466711156,Oceania,New Zealand,$2b$12$kkTThzRagNJRC3hjN1bR8I,False
1109,Lukas,Muller,lukas.muller1109@yahoo.com,+18367089913,Europe,Spain,$2b$12$ZqXCsm0SWRplOpO3UD4ID7,False
1110,Vihaan,Desai,vihaan.desai1110@yahoo.com,+24977499886,Europe,France,$2b$12$umiMFVjtht73Eg9jgz6XwC,False
1111,Min-jun,Suzuki,min-jun.suzuki1111@gmail.com,+02731948233,Asia,Japan,$2b$12$dqPA8B0TF11trRbRAViJHa,False
1112,Neha,Lopez,neha.lopez1112@hotmail.com,+34283484004,Asia,UAE,$2b$12$GOzLuLpregilSnwkApueFq,False
1113,Anika,Patel,anika.patel1113@icloud.com,+69152443005,Oceania,New Zealand,$2b$12$O9EFZviSODxbIHFsjJMkhD,False
1114,Pooja,Rossi,pooja.rossi1114@outlook.com,+23001312320,North America,USA,$2b$12$cmNsCQkoszIeDQ0HMYTHJ9,False
1115,Anika,Brown,anika.brown1115@outlook.com,+19612398714,Europe,Germany,$2b$12$UoCUGALxQT37SUVu4F1ntM,False
1116,Michael,Chen,michael.chen1116@icloud.com,+46835223746,Europe,France,$2b$12$JynoTbh58eiuKl8EHmtTNn,True
1117,Claire,Khan,claire.khan1117@outlook.com,+63908038638,Europe,France,$2b$12$Blzn8sDNcm9RpA1msoPGFx,False
1118,Jin,Al-Farsi,jin.al-farsi1118@hotmail.com,+16529700044,Asia,India,$2b$12$uFXYWcEy5zppmBqJoKMP2e,False
1119,Hassan,Verma,hassan.verma1119@outlook.com,+76047820134,Africa,South Africa,$2b$12$dCFUoCLOHKkCHe8NSH5a7m,False
1120,Michael,Ndlovu,michael.ndlovu1120@outlook.com,+30324074397,North America,USA,$2b$12$2dtJOaw0l6S84o6Eq3DQLs,False
1121,Vivaan,Khan,vivaan.khan1121@outlook.com,+11053355017,Africa,Nigeria,$2b$12$8ZGJeT48I9XFXjPMEN0JxA,False
1122,Krishna,Dubois,krishna.dubois1122@hotmail.com,+98948881145,Asia,Singapore,$2b$12$JKtHr6HZxyrJMJZFYdwSxT,False
1123,Sanjay,Martin,sanjay.martin1123@hotmail.com,+93889122764,Asia,Singapore,$2b$12$KEI3Q9fY35HEK4158Mqj3j,False
1124,Rahul,Li,rahul.li1124@outlook.com,+05742565836,Asia,UAE,$2b$12$eDUTpF3X4Vfmki1R4t85g1,False
1125,Chidi,Thomas,chidi.thomas1125@gmail.com,+82203070659,North America,Mexico,$2b$12$gBlJb0D2AIT8xGuc2IxWY9,False
1126,Chidi,Adeyemi,chidi.adeyemi1126@icloud.com,+33252196163,South America,Brazil,$2b$12$BgEBmKz2cSLov1wPF3OZ4i,False
1127,Ngozi,Okafor,ngozi.okafor1127@icloud.com,+14703930469,Europe,Germany,$2b$12$Z7cCp8vlfXdsIck9Cs1eq1,False
1128,Ji-woo,Muller,ji-woo.muller1128@gmail.com,+60876872454,Asia,Japan,$2b$12$UA8JU9FDPeAQxSzmjHlwGd,False
1129,Yuki,Wang,yuki.wang1129@yahoo.com,+67150542920,Asia,UAE,$2b$12$Att45s2nv6gxX6627Duxhi,False
1130,Ahmed,Martinez,ahmed.martinez1130@icloud.com,+37044800517,Asia,Singapore,$2b$12$8lMoPDgxTXrsTAehxqhWCR,False
1131,Olivia,Smith,olivia.smith1131@yahoo.com,+25065020064,Europe,Spain,$2b$12$ayDJ8CE3yyjSbnzAcG8gEK,False
1132,Fatima,Moore,fatima.moore1132@icloud.com,+82766877747,Europe,Italy,$2b$12$uJvj09xfk32E2nygHR7UPP,False
1133,Mateo,Lopez,mateo.lopez1133@hotmail.com,+87604013459,Asia,India,$2b$12$NAFkbWE2hyp0xNfGBLKgdh,False
1134,Sofia,Reddy,sofia.reddy1134@icloud.com,+74372876268,North America,USA,$2b$12$nTq8fFSdFeWC1OtjjcsTvj,False
1135,Sakura,El-Masry,sakura.el-masry1135@gmail.com,+01537492302,South America,Brazil,$2b$12$eBnTuhqBcg7vU4hQZbtibs,False
1136,Arjun,Sharma,arjun.sharma1136@outlook.com,+27323579083,North America,Canada,$2b$12$l3oUdMRjA5MYAoDz8AMKxx,False
1137,Hassan,Park,hassan.park1137@outlook.com,+80690719798,Asia,India,$2b$12$0nzPdQZBKEPdMCcXjK05MS,False
1138,Jane,Martin,jane.martin1138@icloud.com,+34613082443,Asia,UAE,$2b$12$KW8Czk84ROm4dMpCfixy2L,False
1139,Carlos,Martin,carlos.martin1139@yahoo.com,+79581910028,North America,Canada,$2b$12$b5LZ5FlBQc6vO81TsGF1cb,False
1140,Mei,Chen,mei.chen1140@yahoo.com,+37414225752,Oceania,New Zealand,$2b$12$h7HRfaORAfENnsUngMbAJe,False
1141,Amara,Chen,amara.chen1141@gmail.com,+76288623413,Europe,Italy,$2b$12$OY8quMLLtdb9zBMmxBfLma,False
1142,Karan,Taylor,karan.taylor1142@hotmail.com,+11714408966,North America,USA,$2b$12$MsSHbRctQzxnBs6Q4u6rts,False
1143,Lukas,Moore,lukas.moore1143@icloud.com,+28747961313,Asia,UAE,$2b$12$KLeI7zRN8NDaXv5pBZjrXt,False
1144,Chidi,Kim,chidi.kim1144@gmail.com,+81824511307,Asia,South Korea,$2b$12$7HZHcYAyTrALKTf9LM2Ebi,False
1145,Karan,Lopez,karan.lopez1145@yahoo.com,+58838046478,Asia,Singapore,$2b$12$69fQOkWCoI4nMTMOSog9t6,True
1146,Michael,Kim,michael.kim1146@yahoo.com,+42589822546,South America,Argentina,$2b$12$qqbB63szP7LmwSbLVvHSKb,False
1147,Mei,Al-Farsi,mei.al-farsi1147@icloud.com,+95384615412,Asia,India,$2b$12$KoTq8h3cQvmnciyj8ZDf9S,False
1148,Diego,Okafor,diego.okafor1148@outlook.com,+71100446559,Africa,Nigeria,$2b$12$ldMcMB2xBH8RPtDmyYgkKX,False
1149,Layla,Dubois,layla.dubois1149@yahoo.com,+27083315391,Europe,Italy,$2b$12$8KOrztgwnKU82t66FmWhwG,False
1150,Ngozi,Nair,ngozi.nair1150@yahoo.com,+49875828532,Asia,Japan,$2b$12$18YEfX1DI0iYFQlMqGG7PI,False
1151,Jane,El-Masry,jane.el-masry1151@outlook.com,+50723143187,Europe,UK,$2b$12$yuO2JOuIJQtvwAsmF1bPYZ,False
1152,Sarah,Desai,sarah.desai1152@yahoo.com,+30865604169,Asia,Singapore,$2b$12$0tg9Rw0vU7VOl5AMLpLyv1,False
1153,Sophia,Kapoor,sophia.kapoor1153@gmail.com,+56690327474,Europe,France,$2b$12$SEbRTkUyT0R6eudkxbyhhZ,False
1154,Ivan,Martinez,ivan.martinez1154@icloud.com,+97099039845,Asia,UAE,$2b$12$UCJsEWGXEw33oCVqU3oj69,False
1155,Sunita,Patel,sunita.patel1155@outlook.com,+05633842342,Africa,Nigeria,$2b$12$1Mf4mlSy12XZH24rAM1yqt,False
1156,Jin,Mensah,jin.mensah1156@yahoo.com,+58724567436,Africa,South Africa,$2b$12$XGpSOGMolYQ86wC0a1kqDR,False
1157,Ananya,Lopez,ananya.lopez1157@hotmail.com,+16874855817,Oceania,Australia,$2b$12$v6WTVbZLlWgMJbxh6X9Eu7,False
1158,Ngozi,Dubois,ngozi.dubois1158@hotmail.com,+65072873404,North America,Mexico,$2b$12$tziYhcZ001iwVtW47WXLeB,False
1159,Emma,Hassan,emma.hassan1159@gmail.com,+09628051022,North America,Mexico,$2b$12$74oUtzOELgsYM07wqtJpyk,False
1160,Karan,Ndlovu,karan.ndlovu1160@gmail.com,+78775329550,Oceania,Australia,$2b$12$x6AVAAOgwimSkmJvh75KGY,False
1161,Jin,Nair,jin.nair1161@gmail.com,+46468098470,Europe,Italy,$2b$12$8ggus3FYPS7KWqqK3dFm2G,False
1162,Sarah,Adeyemi,sarah.adeyemi1162@hotmail.com,+31686719156,North America,USA,$2b$12$caNocjjvS1G6XkTo70dkBT,False
1163,Ngozi,Chopra,ngozi.chopra1163@hotmail.com,+89554566541,Europe,France,$2b$12$IfMO5qcURGQlhy3FN9sDQj,False
1164,Mei,Pillai,mei.pillai1164@hotmail.com,+04369785991,Africa,Nigeria,$2b$12$yIsnB2zZPh4KJRcpXMyCMD,False
1165,David,Menon,david.menon1165@hotmail.com,+65950212074,Europe,Italy,$2b$12$CIrJQSMCOStEQPEq4HHDVs,False
1166,Ishaan,Taylor,ishaan.taylor1166@outlook.com,+69642757011,North America,Canada,$2b$12$6daF1aQybwON09d1a8V6ee,False
1167,Vivaan,Garcia,vivaan.garcia1167@outlook.com,+65336994609,South America,Brazil,$2b$12$9rxsjei0b3nLp3cS5BBj27,False
1168,Liam,Agarwal,liam.agarwal1168@hotmail.com,+03791610452,Europe,UK,$2b$12$EQUvah3XfX2HB92xD65NOT,False
1169,Claire,Fernandez,claire.fernandez1169@yahoo.com,+96444167449,Europe,Italy,$2b$12$r4sZYrY1EHFcHPIEFH5znd,False
1170,Ivan,Li,ivan.li1170@icloud.com,+62086621472,North America,USA,$2b$12$1lzUloNMpHRnBr6x12k6dx,False
1171,Min-jun,Khan,min-jun.khan1171@icloud.com,+59222959940,Asia,Singapore,$2b$12$jcILKzWEHBmOZsC3mAqvC5,False
1172,Min-jun,Novak,min-jun.novak1172@icloud.com,+35309369560,Asia,China,$2b$12$aw1fFjISNIUHLfbkHywB9x,False
1173,Liam,Thomas,liam.thomas1173@icloud.com,+68902092546,Africa,South Africa,$2b$12$BFWT8N7LHIDmwLLjXSGCIK,False
1174,Priya,Chatterjee,priya.chatterjee1174@yahoo.com,+83721135785,Europe,Spain,$2b$12$A1jxygf3WwqzRseALGk0NS,False
1175,Aarav,Dubois,aarav.dubois1175@gmail.com,+41937699761,Europe,Germany,$2b$12$7FJVV0RdvKBcqtcVxX124E,False
1176,Karan,Kim,karan.kim1176@outlook.com,+05772580391,Europe,UK,$2b$12$pfMhopqxuG7OPkhl0k9UZs,False
1177,Lakshmi,Li,lakshmi.li1177@hotmail.com,+34627235076,Europe,Germany,$2b$12$jk1AzpwwUZCuCkeobco3lR,False
1178,Anika,Kulkarni,anika.kulkarni1178@hotmail.com,+82380444471,Asia,India,$2b$12$jCLIXpUzBt9ZCU4ruVrfKm,False
1179,Sanjay,Joshi,sanjay.joshi1179@yahoo.com,+88192037868,North America,Canada,$2b$12$KgDoGop38uOwkg3eEnViJv,False
1180,Aditya,Chopra,aditya.chopra1180@yahoo.com,+28611202926,Asia,China,$2b$12$GlhlJO46UaRRROQKMQcFh5,False
1181,Haruto,Joshi,haruto.joshi1181@outlook.com,+92642964897,Africa,South Africa,$2b$12$9j3DPOh4NEM8OO2RiY3TjG,False
1182,Nadia,Kapoor,nadia.kapoor1182@icloud.com,+83326865713,South America,Argentina,$2b$12$dV7cg5XZmNZersHpvpdPN2,False
1183,Layla,Garcia,layla.garcia1183@gmail.com,+70917687573,Asia,Singapore,$2b$12$JQwyz8D1tQqy1QEzXj0MuR,False
1184,Mia,Patel,mia.patel1184@yahoo.com,+59030570547,Africa,South Africa,$2b$12$9vy5v03KfdrbVNCYiFubDi,False
1185,Noah,Khan,noah.khan1185@yahoo.com,+21044941603,South America,Argentina,$2b$12$cnmMXENgWFA1tB5jGJR5vh,False
1186,Lakshmi,Petrov,lakshmi.petrov1186@icloud.com,+62549296710,Asia,UAE,$2b$12$yjTJUv734Slj712N1Ekp0O,False
1187,Saanvi,Lopez,saanvi.lopez1187@outlook.com,+74383479861,Africa,South Africa,$2b$12$93Vclxc6oxPcNg3QuRthan,False
1188,Ling,Taylor,ling.taylor1188@gmail.com,+16516908337,North America,Mexico,$2b$12$RIqQyjQCPIgdgnn4W2Dty1,False
1189,Hiro,Patel,hiro.patel1189@yahoo.com,+21931627054,Africa,Nigeria,$2b$12$wNi8N7sMqDuiBGjyfOtfFZ,True
1190,Aarav,Okafor,aarav.okafor1190@gmail.com,+95924819762,Europe,France,$2b$12$97km3NHXeIJ5CFXqeDLERp,False
1191,Noah,Sharma,noah.sharma1191@outlook.com,+88250315556,South America,Brazil,$2b$12$aW0MtwDAnxsBxGYudYl5GG,False
1192,Deepak,Ibrahim,deepak.ibrahim1192@icloud.com,+91229001759,Oceania,Australia,$2b$12$zSO5blrl6ehBquLI1B6lmy,False
1193,Kavya,Hassan,kavya.hassan1193@outlook.com,+23509818439,Asia,India,$2b$12$hbxHrqgg2eRSmpwOcYvE4i,True
1194,Omar,Kapoor,omar.kapoor1194@icloud.com,+52871662481,North America,Canada,$2b$12$6MAeeYyVZytqNRvJHiGV7u,False
1195,Laura,Silva,laura.silva1195@hotmail.com,+78932945556,Europe,Italy,$2b$12$o35ZurMpVyuXwiXtOOfcYd,False
1196,Min-jun,Malhotra,min-jun.malhotra1196@icloud.com,+43468564734,Asia,China,$2b$12$uVlGhISprGXHRzh7Xdrzf1,False
1197,Yasmin,Desai,yasmin.desai1197@yahoo.com,+02702784457,Oceania,Australia,$2b$12$kmt5oAQjfflu65J6bIBhIC,False
1198,Pierre,Fernandez,pierre.fernandez1198@icloud.com,+41426161961,Oceania,Australia,$2b$12$VzAoDeJxqx3R0yyaQb8QCO,False
1199,Camila,Kowalski,camila.kowalski1199@yahoo.com,+95601846943,Asia,South Korea,$2b$12$9jU1KPFj8rx8dzIoPGqmrX,False
1200,Sakura,Agarwal,sakura.agarwal1200@outlook.com,+80482340028,Oceania,New Zealand,$2b$12$GXSX1MwR6tE2LivpD907TF,False
1201,Amara,Rossi,amara.rossi1201@hotmail.com,+27473837846,Asia,China,$2b$12$OEchIOpbet1z8318p85Xlr,False
1202,Emily,Muller,emily.muller1202@yahoo.com,+14399799752,Asia,China,$2b$12$OcYAbsyOLxM3vxgxrVhKVp,False
1203,Pierre,Lopez,pierre.lopez1203@yahoo.com,+81181155032,Africa,Nigeria,$2b$12$ePKI2gmCI4Mn0z1rXHI8jt,True
1204,Sofia,Rao,sofia.rao1204@gmail.com,+31649079464,Asia,UAE,$2b$12$lZ0ZoqyVU9W7qLHj6h1qnL,False
1205,Ahmed,Kulkarni,ahmed.kulkarni1205@gmail.com,+59559416627,Asia,Japan,$2b$12$Cx4RLWXlB4YdpqFYDlInQ8,False
1206,Zola,Ibrahim,zola.ibrahim1206@outlook.com,+03866619279,Asia,India,$2b$12$N4HY6kPpfoila8BkvUNdjH,False
1207,David,Dubois,david.dubois1207@icloud.com,+26064069088,South America,Brazil,$2b$12$8e1dEoA5nNuOds7S6QlC2Q,False
1208,Hassan,Fernandez,hassan.fernandez1208@yahoo.com,+59376588759,South America,Argentina,$2b$12$G1h7h9XEDctoRmXs0wUP9G,False
1209,Pooja,Anderson,pooja.anderson1209@outlook.com,+56139458320,Asia,India,$2b$12$vOb8QdkaPPkHEDM04j6Jl5,False
1210,Marco,Desai,marco.desai1210@icloud.com,+25734285163,North America,USA,$2b$12$wB7JieYvgc6JGKz6LN3atZ,False
1211,Sakura,Petrov,sakura.petrov1211@hotmail.com,+82861774146,North America,Mexico,$2b$12$fukS0qQV45CeUHCHNruvEP,True
1212,Valentina,Bhatt,valentina.bhatt1212@gmail.com,+13759274296,North America,Mexico,$2b$12$csTbXVtMEpj713i7MFvouk,False
1213,James,Chatterjee,james.chatterjee1213@outlook.com,+52801161716,Asia,India,$2b$12$W673iT1FIxYRNa7G7QGUpB,False
1214,Kwame,Petrov,kwame.petrov1214@gmail.com,+78207491514,Asia,Singapore,$2b$12$bUufXoniLvJvUxXCaBpEhU,False
1215,Reyansh,Kim,reyansh.kim1215@yahoo.com,+07604464485,Africa,Nigeria,$2b$12$Mi8vnapbDLw27sNyqnGiP2,False
1216,Rohan,Agarwal,rohan.agarwal1216@yahoo.com,+88896552868,Europe,Germany,$2b$12$wJ8Rz2cKplGSTUrzhMXEtu,False
1217,David,Sharma,david.sharma1217@hotmail.com,+74297855007,South America,Argentina,$2b$12$OPDpzugz0Mi0nMJTVsWKvg,False
1218,Zainab,Anderson,zainab.anderson1218@gmail.com,+20761440638,Asia,UAE,$2b$12$JCDQRls3Kz8P0DkTYKAhp5,False
1219,Camila,Dubois,camila.dubois1219@yahoo.com,+18077421367,North America,Canada,$2b$12$kOPD9P7qTV4zuXSqsWJ4N8,False
1220,Lucas,Thomas,lucas.thomas1220@yahoo.com,+10559755646,Europe,Italy,$2b$12$uWlRzGYgnIzIAe6QLjmKdD,False
1221,Ahmed,Said,ahmed.said1221@yahoo.com,+18844481366,Europe,Spain,$2b$12$32FoekrISCZkAMd49TRmlo,False
1222,Yuki,Mehta,yuki.mehta1222@hotmail.com,+21567003501,Africa,South Africa,$2b$12$iI7Q28Pg5HH9QgV8oCgSiA,False
1223,Marco,Lopez,marco.lopez1223@yahoo.com,+42708149690,Oceania,Australia,$2b$12$O0t4bkhUwbWrQIgL1wZqrk,False
1224,Ahmed,Lopez,ahmed.lopez1224@yahoo.com,+70637184550,Africa,Nigeria,$2b$12$noOiHqjYHrN4rpQEPk5bqM,False
1225,Noah,Li,noah.li1225@outlook.com,+37995244338,Asia,Japan,$2b$12$Gu8vQzBWvyWfArDJA94iNu,False
1226,Anna,Lopez,anna.lopez1226@hotmail.com,+30763699750,Asia,India,$2b$12$SE76dgbXoSusLVJJTkKrju,False
1227,Rohan,Park,rohan.park1227@gmail.com,+58879514387,Europe,Spain,$2b$12$lubUvOUYeFzvYetXyekspP,False
1228,Pierre,Brown,pierre.brown1228@icloud.com,+43103229651,South America,Argentina,$2b$12$kVteaLTitU1TMUsdIIXo3E,False
1229,Aadhya,Silva,aadhya.silva1229@icloud.com,+86545874693,North America,Canada,$2b$12$B9HfpKoksFfGTCRNE8LXN7,False
1230,Pooja,Okafor,pooja.okafor1230@hotmail.com,+96196329806,Europe,France,$2b$12$All9XsBc7BxpfVnf8HerIm,False
1231,Santiago,Okafor,santiago.okafor1231@outlook.com,+12525458172,North America,Mexico,$2b$12$922F9uIUF0gBZlx9MwwmTg,False
1232,Zainab,Joshi,zainab.joshi1232@hotmail.com,+04314857103,Asia,India,$2b$12$mhU6f64FcQGZsI3PO7Ek8i,False
1233,Anna,Ibrahim,anna.ibrahim1233@outlook.com,+78143724847,Europe,France,$2b$12$IUWRAlcs8QzEu3CZdELPbN,False
1234,Carlos,Sharma,carlos.sharma1234@yahoo.com,+65292995877,Europe,UK,$2b$12$0fuApB33L2Ydx0BLzbJxV3,False
1235,Ji-woo,Park,ji-woo.park1235@yahoo.com,+01008109289,Europe,Italy,$2b$12$gwyPyJ4KgD2D83qzllwAvT,False
1236,Arnav,Park,arnav.park1236@gmail.com,+59911357113,Africa,South Africa,$2b$12$jD3Tmo5K21BGwNOQ1TgvJM,False
1237,Aarav,Brown,aarav.brown1237@icloud.com,+29380182051,Asia,South Korea,$2b$12$1zYyjDjzpbPUiKFiLqYLgG,False
1238,Ananya,Dubois,ananya.dubois1238@yahoo.com,+04555023252,Africa,Nigeria,$2b$12$hSsER0FeqMcxut76313lyd,False
1239,Sunita,Adeyemi,sunita.adeyemi1239@yahoo.com,+69634573076,Oceania,Australia,$2b$12$X1bkk5XrczKcDH8llAt5Wp,False
1240,Vihaan,Gupta,vihaan.gupta1240@icloud.com,+16067071273,Oceania,Australia,$2b$12$uN2msL1rCQAVF2L41o3hrd,False
1241,David,Joshi,david.joshi1241@outlook.com,+99911154721,Europe,Italy,$2b$12$gSglzXY7djyrgGDAbACnX3,False
1242,Valentina,Joshi,valentina.joshi1242@hotmail.com,+66635969407,Africa,South Africa,$2b$12$5QPjyaIVPaI2gGp5IVG3rU,False
1243,Marco,Muller,marco.muller1243@yahoo.com,+40131663009,Oceania,Australia,$2b$12$AJQk1TzKPCNIWoazZh1zmC,False
1244,Michael,Tanaka,michael.tanaka1244@yahoo.com,+31781972746,Oceania,New Zealand,$2b$12$Y1MGY4X8ZdbL7s70iEneQn,False
1245,Amara,Silva,amara.silva1245@hotmail.com,+12780269673,Europe,Italy,$2b$12$IPAeexc2kbiRKPvtPgygA8,False
1246,Pierre,Rodriguez,pierre.rodriguez1246@outlook.com,+07745242416,Europe,Germany,$2b$12$0POxRZIgRhumdVNzxNGoDW,False
1247,Kwame,Lopez,kwame.lopez1247@gmail.com,+27582226168,Asia,South Korea,$2b$12$IXFzUmMNrpfjfMhFgWQsTn,False
1248,James,Iyer,james.iyer1248@icloud.com,+61453478332,Oceania,Australia,$2b$12$NNBR6zrBJh7D77dhlJvbIu,False
1249,Divya,Rao,divya.rao1249@outlook.com,+45722000267,Oceania,Australia,$2b$12$0V0JRfVCaetxmVBqPCWFU0,False
1250,Pierre,Wilson,pierre.wilson1250@hotmail.com,+95481685269,Asia,South Korea,$2b$12$ehTIob7fCnySFcf6pAWZrn,True
1251,Rahul,Chatterjee,rahul.chatterjee1251@yahoo.com,+25027413179,North America,Mexico,$2b$12$BuRTqxTFIYOODZbfPLrLgL,False
1252,Olivia,Garcia,olivia.garcia1252@outlook.com,+12887783882,Asia,China,$2b$12$wKvSg0Eo7gHe3jpO2zqv44,False
1253,Reyansh,Chopra,reyansh.chopra1253@hotmail.com,+05781370720,South America,Brazil,$2b$12$h30HpCWqvCeziayV8BUnNP,False
1254,Mateo,Brown,mateo.brown1254@icloud.com,+27804267932,Asia,South Korea,$2b$12$uBPtLoHdBFZxacHY3YvE30,False
1255,Ahmed,Desai,ahmed.desai1255@yahoo.com,+37409191536,Europe,Spain,$2b$12$CDekGGJtoC28dwGnvhC25a,False
1256,Krishna,Malhotra,krishna.malhotra1256@hotmail.com,+43492207660,Europe,Spain,$2b$12$N4VdyU8srp3lwi6eFjzKRJ,False
1257,Meera,Malhotra,meera.malhotra1257@icloud.com,+78992745369,North America,Canada,$2b$12$ArXQPVn85Bmxy8r6o55LgM,False
1258,Yuki,Kapoor,yuki.kapoor1258@hotmail.com,+69919846678,Europe,France,$2b$12$45CDxnO9q0fd3gz2vscRth,False
1259,Mei,Kim,mei.kim1259@gmail.com,+10258617437,Asia,UAE,$2b$12$Dk0U88ZFkcfo2nf5Bzs6v1,False
1260,Camila,Taylor,camila.taylor1260@gmail.com,+26135692883,Europe,Germany,$2b$12$9BRbW8mac1pzuskz5wXQXJ,False
1261,Sanjay,Thomas,sanjay.thomas1261@yahoo.com,+12676715838,Oceania,New Zealand,$2b$12$xprGzzw5N35Mf7DxzfPcSZ,False
1262,Nadia,Martin,nadia.martin1262@gmail.com,+19766931916,North America,Canada,$2b$12$AxP1fCuaaGVKpB7ZhNMwwS,False
1263,Lucas,Silva,lucas.silva1263@hotmail.com,+29945449296,Asia,South Korea,$2b$12$5t5ZdrBPozfgANCxENSHfc,False
1264,Santiago,Mensah,santiago.mensah1264@icloud.com,+96844220399,Asia,India,$2b$12$vmHRpCnCxaPsUPm2bJXHID,False
1265,Rahul,Tanaka,rahul.tanaka1265@outlook.com,+63570989096,Africa,Nigeria,$2b$12$dQ7XdnZSwpCbfeZcIrUh4f,False
1266,Vihaan,Al-Farsi,vihaan.al-farsi1266@outlook.com,+51439329199,Africa,South Africa,$2b$12$0jbcWvzZqIse9x0A1kHx9u,True
1267,Arjun,Silva,arjun.silva1267@hotmail.com,+36756155598,Asia,Japan,$2b$12$VEyRNDdeLdL3WRqOl4fHEe,False
1268,Jane,Said,jane.said1268@outlook.com,+64405287994,Asia,Singapore,$2b$12$lSKkiPOybbjdIynKRkMgLx,False
1269,Marco,Menon,marco.menon1269@outlook.com,+46427492459,Asia,UAE,$2b$12$gXlWwQRAPBLoAizaz1wE1a,False
1270,Arjun,Dubois,arjun.dubois1270@outlook.com,+50382317137,Asia,Japan,$2b$12$PGvqKAyPyYrRI3yoyPA3jt,False
1271,Jane,Chopra,jane.chopra1271@yahoo.com,+82314932385,Europe,UK,$2b$12$8Xe6ANbkRqhQn1lbyuNo8A,False
1272,Rohan,Taylor,rohan.taylor1272@gmail.com,+67755514808,Asia,China,$2b$12$RV2FoGALoF7Q7gObmZgDes,False
1273,Lukas,Al-Farsi,lukas.al-farsi1273@outlook.com,+53170519185,Europe,Germany,$2b$12$hCNO5hyGfgt1KIIYHStYcv,False
1274,Ali,Taylor,ali.taylor1274@icloud.com,+07829773148,Asia,India,$2b$12$piH3k212a9AKsFIXvgKWaY,False
1275,Sofia,Mehta,sofia.mehta1275@gmail.com,+56730865587,Asia,Singapore,$2b$12$XJ6yiOL4njQtlPlZtOJKsf,False
1276,Yasmin,Rossi,yasmin.rossi1276@yahoo.com,+67279256594,Europe,Germany,$2b$12$NA83ewzxSwjwWzrVeCgL3B,False
1277,Ahmed,Reddy,ahmed.reddy1277@yahoo.com,+21865449698,Europe,Germany,$2b$12$82Tlchvzn8UROM2yiso7JA,False
1278,Diego,Mehta,diego.mehta1278@icloud.com,+75267509834,Africa,Nigeria,$2b$12$bSOYiOwonrTb688Zuzh3Vj,True
1279,Aarav,Dubois,aarav.dubois1279@outlook.com,+19234269851,Europe,Italy,$2b$12$9cViU26jkeYlyzvEvoyXh7,False
1280,Kwame,Silva,kwame.silva1280@outlook.com,+82935441548,Europe,UK,$2b$12$zsB5YYn2RdAZHKxc2UqoGX,False
1281,Zainab,Iyer,zainab.iyer1281@hotmail.com,+49230702965,South America,Brazil,$2b$12$fM0Edbk3Cj4ZjQuedH07R5,False
1282,Zainab,Garcia,zainab.garcia1282@yahoo.com,+87864137261,South America,Brazil,$2b$12$ojgkUjAU5jlegyt7BtDSui,True
1283,Liam,Kowalski,liam.kowalski1283@hotmail.com,+03283443971,Africa,Nigeria,$2b$12$AMtKu43SZhOzWaloI83Ca1,False
1284,Camila,Iyer,camila.iyer1284@gmail.com,+20269400425,South America,Argentina,$2b$12$JbN2138OLhN2Y3km16G2Qm,False
1285,Emma,Anderson,emma.anderson1285@gmail.com,+12523203388,Oceania,New Zealand,$2b$12$FyWukEE3a2nkzI5HjB5SnO,False
1286,Arjun,Martin,arjun.martin1286@icloud.com,+42463794118,Asia,South Korea,$2b$12$TrGvl3tugBN8W19R1sSMBN,False
1287,Ivan,Menon,ivan.menon1287@hotmail.com,+43694380850,Europe,France,$2b$12$Sz0cuwZF56CTpgEsTGiBya,False
1288,Neha,Kapoor,neha.kapoor1288@gmail.com,+26716967167,Africa,South Africa,$2b$12$H53435gAHZxRWFoeBkNo23,False
1289,Ishaan,Malhotra,ishaan.malhotra1289@outlook.com,+13891755584,Europe,France,$2b$12$ZPh8eJXfEDmg43frymeFBY,False
1290,Sakura,Malhotra,sakura.malhotra1290@gmail.com,+56582969340,Europe,France,$2b$12$sFtcTUPcRLBMgmiB3aBr6M,False
1291,Neha,Taylor,neha.taylor1291@hotmail.com,+98206651947,Africa,Nigeria,$2b$12$nrKcePXUk1n2sE7zPKeXwD,False
1292,Ngozi,Moore,ngozi.moore1292@hotmail.com,+85086869821,Africa,South Africa,$2b$12$s9INGtKXfjk6JvmQGMSfQS,False
1293,Lucas,Desai,lucas.desai1293@yahoo.com,+17247403037,Europe,Spain,$2b$12$rtKx5fkYQ1biZYZ3ogs9Ga,False
1294,Aarav,Bhatt,aarav.bhatt1294@yahoo.com,+56174261441,South America,Brazil,$2b$12$U0hIU7Lu4wN0GS0LANyQfc,False
1295,Elena,Kapoor,elena.kapoor1295@yahoo.com,+93049669053,Oceania,Australia,$2b$12$DhTlEk50ay6E0fA1maTfsY,False
1296,David,Rodriguez,david.rodriguez1296@yahoo.com,+68019431302,South America,Argentina,$2b$12$3iEXyvHWcdgvrDsMtZtp1O,False
1297,Sanjay,Joshi,sanjay.joshi1297@yahoo.com,+10979222512,North America,USA,$2b$12$cjdXM5ucCeiWx2FOZCtVZs,False
1298,Ali,Muller,ali.muller1298@yahoo.com,+93729685934,Asia,UAE,$2b$12$Z9m0f331v5Id04spJwNwno,False
1299,Mei,Suzuki,mei.suzuki1299@outlook.com,+01731237007,Europe,UK,$2b$12$OBaFWjpw5vZP9KtSfWoPJo,False
1300,Aditya,Rodriguez,aditya.rodriguez1300@icloud.com,+14651702156,Africa,Nigeria,$2b$12$DFVCdeP3Afk8RbqTNrR43Z,False
1301,Sofia,Khan,sofia.khan1301@hotmail.com,+61313277820,North America,Canada,$2b$12$vbybJLvjGar84NxaOESjZX,False
1302,Olivia,Agarwal,olivia.agarwal1302@yahoo.com,+08928513271,Oceania,New Zealand,$2b$12$AbCwVob8oe1SqDQYxna1Y6,False
1303,Omar,Nakamura,omar.nakamura1303@icloud.com,+17328958858,Europe,UK,$2b$12$UnopC7QATZz0btklmwSKBE,False
1304,Zola,Agarwal,zola.agarwal1304@yahoo.com,+00817476037,Asia,China,$2b$12$lTUIYXXgfBdaihuuY3kxFq,True
1305,Haruto,Nair,haruto.nair1305@icloud.com,+98898535748,Europe,Germany,$2b$12$uPAReDtrDsVl3wGk4NV39p,False
1306,Ali,Mehta,ali.mehta1306@yahoo.com,+72985128046,Africa,Nigeria,$2b$12$upF3TJDTC3IPQUDxz6gR7e,False
1307,Amit,Agarwal,amit.agarwal1307@outlook.com,+28503329355,Europe,Italy,$2b$12$MKufQGUf5MBC7IJOtpUtcD,False
1308,Rahul,Menon,rahul.menon1308@yahoo.com,+25304517635,South America,Brazil,$2b$12$aJN5LvNKT5gSXuzzx2uBKp,False
1309,Noah,Verma,noah.verma1309@hotmail.com,+36160021412,North America,Canada,$2b$12$RGklbKX9O89Mx2NYo6A2x3,False
1310,Ngozi,Novak,ngozi.novak1310@yahoo.com,+08721868131,Asia,India,$2b$12$PojjxcIOU5X9L0WZzG4CLN,False
1311,Laura,Wang,laura.wang1311@icloud.com,+41059678912,Oceania,Australia,$2b$12$lbRXKOekTNmLcWbZnp5Yul,False
1312,Arnav,Taylor,arnav.taylor1312@gmail.com,+68773303190,Oceania,Australia,$2b$12$gyKE3Xq3Cb0Tw2474qIkQE,False
1313,Valentina,Rossi,valentina.rossi1313@outlook.com,+38934587533,Europe,Germany,$2b$12$23ttbFx9YCJM39zwSqirtM,False
1314,Ngozi,Desai,ngozi.desai1314@gmail.com,+68074103212,Europe,Italy,$2b$12$Tkck4qGHr0eGzWm7XTENma,False
1315,Zola,Taylor,zola.taylor1315@icloud.com,+87264720395,Asia,China,$2b$12$UBvqMFP6ZtojJZp9AWsiFI,False
1316,Sunita,Mensah,sunita.mensah1316@outlook.com,+09857159407,Asia,South Korea,$2b$12$DzONjPuYEol7SnFhZZXCkE,False
1317,Yasmin,Khan,yasmin.khan1317@hotmail.com,+77611780553,Asia,Japan,$2b$12$FtxcGm0VLnP9NW30k2VSoC,False
1318,Ling,Taylor,ling.taylor1318@icloud.com,+69814928452,North America,Mexico,$2b$12$44hALfpKOgAO99tPInFihw,False
1319,Mia,Mehta,mia.mehta1319@outlook.com,+95540732716,South America,Argentina,$2b$12$qjdJaWeOjMiBOkiNNzhsnO,False
1320,Liam,Gupta,liam.gupta1320@gmail.com,+47072830402,Europe,Germany,$2b$12$sxqkYDJrfTSc200CRaLi46,False
1321,Rohan,Reddy,rohan.reddy1321@yahoo.com,+75784502703,Europe,Spain,$2b$12$jHKVE2vtTHfOr0ZA07TL52,False
1322,Deepak,Chopra,deepak.chopra1322@yahoo.com,+18566203133,Africa,Nigeria,$2b$12$DfLCwlS4LoaSjdmmvtmWZp,False
1323,Wei,Martinez,wei.martinez1323@icloud.com,+73190230837,Asia,UAE,$2b$12$wY7WI9TPbNrLJgCFc06bhh,True
1324,Tendai,Al-Farsi,tendai.al-farsi1324@icloud.com,+15124837026,Europe,Italy,$2b$12$BLo0ttK2puvCA7jzpLW5Bq,False
1325,Kwame,Thomas,kwame.thomas1325@outlook.com,+45606872397,Oceania,Australia,$2b$12$7fi72Iu771VKxDHD1kfCmY,False
1326,Priya,Martinez,priya.martinez1326@icloud.com,+99412282381,Europe,Italy,$2b$12$09x7g7pbZFzmzMi6S2c11w,False
1327,Ali,Chopra,ali.chopra1327@yahoo.com,+65945897689,Asia,South Korea,$2b$12$JFZr5IasiYzCvR929sPMs0,False
1328,Krishna,Joshi,krishna.joshi1328@hotmail.com,+72625495988,Europe,Germany,$2b$12$569kjQSAkrhjlKFuHPgrma,False
1329,Ali,Wilson,ali.wilson1329@yahoo.com,+17254298501,Europe,UK,$2b$12$hV2kVpio4vTEBY9O0j3ll0,True
1330,Arnav,Rossi,arnav.rossi1330@yahoo.com,+29405954181,Asia,India,$2b$12$DpbnZa5VmTGvFa2WlgACV0,False
1331,Mia,Li,mia.li1331@yahoo.com,+92130016826,Asia,South Korea,$2b$12$dpKx9OtPACSARAKEJvhpwt,False
1332,Yasmin,Mensah,yasmin.mensah1332@outlook.com,+34385586113,Africa,Nigeria,$2b$12$ADpxrKDNA9EMBTIgTVyFa1,False
1333,Sophia,Mehta,sophia.mehta1333@yahoo.com,+06404899969,Europe,Italy,$2b$12$W8Lor5cPeTKDRvJXCb9HAe,False
1334,Camila,Mensah,camila.mensah1334@yahoo.com,+96494115012,Africa,South Africa,$2b$12$fp5SzUy3uSBPl6rHQOI18V,False
1335,Mei,Reddy,mei.reddy1335@yahoo.com,+54559246210,Asia,Singapore,$2b$12$lVFH6G0OfREHslUpfESmwA,False
1336,Claire,Desai,claire.desai1336@gmail.com,+32126850710,North America,Canada,$2b$12$5j4jJ04HEW4aqrZbha7bqG,False
1337,Ji-woo,Tanaka,ji-woo.tanaka1337@icloud.com,+54390054804,South America,Brazil,$2b$12$vfzXrGDpaZ9FZv6JXP5I05,False
1338,Sunita,Gupta,sunita.gupta1338@yahoo.com,+10471854932,Asia,South Korea,$2b$12$VvfzQ1VNH7pXIFyN9zhhkz,False
1339,Diego,Mensah,diego.mensah1339@gmail.com,+71889468134,Europe,Italy,$2b$12$arRQPPe6seYCvyKGah6E9O,False
1340,Olivia,Ndlovu,olivia.ndlovu1340@outlook.com,+66941184658,Asia,India,$2b$12$TtZOUqKw44vbpqb6CjLykC,False
1341,Mei,Suzuki,mei.suzuki1341@icloud.com,+21748129808,Europe,Spain,$2b$12$LOnLXM66EyCEk7Jh36I687,False
1342,Diya,Kulkarni,diya.kulkarni1342@yahoo.com,+01813150236,Asia,Singapore,$2b$12$7ebJUZNt5KQpVi10Q84enh,False
1343,Ananya,Iyer,ananya.iyer1343@icloud.com,+41443533723,Asia,South Korea,$2b$12$tKifNNwSKzeUMhlslY5for,False
1344,Hiro,Li,hiro.li1344@hotmail.com,+16761427344,Asia,China,$2b$12$9M7peDYZDqcBHb5Ruww1Sf,False
1345,Priya,Suzuki,priya.suzuki1345@hotmail.com,+77848856982,Europe,France,$2b$12$sWwYFWGTAo2zaxzo2EwRND,False
1346,Claire,Lopez,claire.lopez1346@yahoo.com,+74139979571,Europe,Italy,$2b$12$88DRdBBz0KDAMnpGtP3wJr,False
1347,Ngozi,Nakamura,ngozi.nakamura1347@gmail.com,+21969446533,Asia,India,$2b$12$XnGwVpmVINXro9gOyi7ZnU,False
1348,Omar,Menon,omar.menon1348@yahoo.com,+50101100815,Asia,India,$2b$12$VF7oeYwh8z1YsXDNraluH0,False
1349,Zainab,Menon,zainab.menon1349@icloud.com,+09276765783,Europe,Spain,$2b$12$kSUYYdn6No9ur07zONoId1,False
1350,Ling,Martinez,ling.martinez1350@hotmail.com,+99791569180,Asia,South Korea,$2b$12$ZjLgfNX0u5HyvTwyytyb2p,False
1351,Sai,Chopra,sai.chopra1351@hotmail.com,+36289120786,Europe,Germany,$2b$12$BkHqkr41WmOYO1mCuShtRb,False
1352,Liam,Novak,liam.novak1352@icloud.com,+11047182565,Asia,Japan,$2b$12$pRoLyCw3STXAgdD2D9GNeV,True
1353,Sarah,Nair,sarah.nair1353@yahoo.com,+43422788330,North America,Mexico,$2b$12$3F4oE4LQzIxQdF5dBOfakn,False
1354,Ivan,Silva,ivan.silva1354@yahoo.com,+25270424047,Asia,India,$2b$12$2jNvH41efwYVM1lT87SRnU,False
1355,Meera,Kowalski,meera.kowalski1355@icloud.com,+82464538697,South America,Argentina,$2b$12$pAhseCeVOORVPMlTEjDumI,False
1356,Sarah,Thomas,sarah.thomas1356@outlook.com,+33067308250,Africa,Nigeria,$2b$12$3bi4Qowf0PomQIUp9klTJy,False
1357,Arnav,Patel,arnav.patel1357@yahoo.com,+08601464866,Asia,UAE,$2b$12$TJynSI3AqdqTrIn53YTJac,True
1358,Diya,Ndlovu,diya.ndlovu1358@yahoo.com,+26807847318,South America,Brazil,$2b$12$BUiI7ZIJdatYaXpgfQcG5K,False
1359,Ishaan,Malhotra,ishaan.malhotra1359@icloud.com,+37336380002,North America,Canada,$2b$12$u3epka7me47nyPAWpYIaMa,False
1360,Jane,Tanaka,jane.tanaka1360@gmail.com,+03071986778,Europe,Spain,$2b$12$09jGudQbbYr4KGzxnRLbu3,False
1361,Krishna,Dubois,krishna.dubois1361@gmail.com,+56463196727,Asia,UAE,$2b$12$Epol1tsd3yRSvEgPPnmyQG,False
1362,Sai,Garcia,sai.garcia1362@hotmail.com,+50998420781,Africa,Nigeria,$2b$12$dJRlBYuf5gdpUOoe7a5Dmv,False
1363,Arnav,Gupta,arnav.gupta1363@gmail.com,+60709146839,Asia,South Korea,$2b$12$tjAODN8hTobwy9vV5ul7CC,False
1364,Riya,Fernandez,riya.fernandez1364@gmail.com,+04925437575,Africa,South Africa,$2b$12$TxH6dTyH4Lz8LjfvSAk9mf,False
1365,Yuki,Chopra,yuki.chopra1365@icloud.com,+94768823344,Europe,France,$2b$12$xgKA5kqQRw50LUHDH0bgDK,True
1366,Vivaan,Garcia,vivaan.garcia1366@outlook.com,+08863823995,Europe,UK,$2b$12$lLbpCdNHJFQOOnQlb8lhs9,False
1367,Sunita,Khan,sunita.khan1367@hotmail.com,+11926349544,North America,Canada,$2b$12$1SlNZvq1i4DSxS5Ene59Oa,False
1368,Mia,Bhatt,mia.bhatt1368@outlook.com,+25504609860,Asia,South Korea,$2b$12$2Eow6WLT0MtehoVfh8yh27,False
1369,Marco,Anderson,marco.anderson1369@gmail.com,+58078027975,Asia,UAE,$2b$12$FgM17J6ZkNPVGTKqE50Ntm,False
1370,Min-jun,Nair,min-jun.nair1370@gmail.com,+65570207701,Europe,France,$2b$12$rs7Hy2wXNs7Q9aruP0hjPv,False
1371,Amara,Dubois,amara.dubois1371@hotmail.com,+22543167689,South America,Argentina,$2b$12$RaGb6jlgnEM32fA1kPAkdr,False
1372,Arnav,Desai,arnav.desai1372@gmail.com,+86034786376,South America,Brazil,$2b$12$amIWFSesOdKkAN9fIHdMeQ,False
1373,Mia,Kulkarni,mia.kulkarni1373@outlook.com,+75633226310,Europe,Italy,$2b$12$mheCoC3ZUDgzbhsRWMpS9O,False
1374,Noah,Wang,noah.wang1374@yahoo.com,+84591976472,Europe,Germany,$2b$12$V2S2stklI5nSe8GEw7AhIK,False
1375,Tendai,Hassan,tendai.hassan1375@yahoo.com,+39279528851,South America,Brazil,$2b$12$UEra9lvjodv6n7N3M9IZc5,False
1376,Marco,Wang,marco.wang1376@icloud.com,+44141647477,Asia,UAE,$2b$12$bmTpc1FDtStIisbrxUYG5w,False
1377,Marco,Wang,marco.wang1377@hotmail.com,+14752819731,Europe,UK,$2b$12$EMkA3D5QkCw6uEQ7H0h3mV,False
1378,Carlos,Park,carlos.park1378@hotmail.com,+95880639206,Europe,France,$2b$12$HLfHfIzmEnfcvUJhBKoipe,False
1379,Sarah,Mensah,sarah.mensah1379@yahoo.com,+55249793839,Asia,India,$2b$12$pHX2Pw54waACPjHtEbGc0S,False
1380,Mei,Wilson,mei.wilson1380@yahoo.com,+81967529182,Asia,Japan,$2b$12$5O8ma3OQruQzesxZvELiKm,False
1381,Pierre,Okafor,pierre.okafor1381@hotmail.com,+74223976649,Europe,UK,$2b$12$2ssywKS73qLuXb9xUPw7qT,False
1382,Pooja,Martinez,pooja.martinez1382@gmail.com,+29334777018,Oceania,Australia,$2b$12$5h43xZalU5hSgW3CgmFXGD,False
1383,Arnav,Petrov,arnav.petrov1383@yahoo.com,+91929961713,Europe,Italy,$2b$12$L7WjmwqT9J3AQRsTHJpt1M,False
1384,Zola,Muller,zola.muller1384@hotmail.com,+60370306025,Europe,Italy,$2b$12$iHMX0OaEmb5kpuCLtXj71L,False
1385,Emma,Rodriguez,emma.rodriguez1385@hotmail.com,+22870841933,North America,Canada,$2b$12$dTRMrAzLuy4CK46Iqg1GJ7,False
1386,Neha,Mehta,neha.mehta1386@gmail.com,+18252875364,Africa,South Africa,$2b$12$xgP8k9HI7uUaPaayxW36Mj,False
1387,Yuki,Lopez,yuki.lopez1387@hotmail.com,+96081342991,Europe,Germany,$2b$12$PEGF2x7HQ5YBmiwPXbC6Y6,False
1388,Divya,Silva,divya.silva1388@outlook.com,+33656052271,Oceania,New Zealand,$2b$12$7fQIDX5CODN8Yo1GKhBsf0,False
1389,Tendai,Bhatt,tendai.bhatt1389@yahoo.com,+04751737292,Asia,India,$2b$12$iSUL0hb0lsQHmoZG5IPvbF,False
1390,Ivan,Ibrahim,ivan.ibrahim1390@hotmail.com,+93750041615,Africa,South Africa,$2b$12$Tz1RFHo2ddWbFlQhqGxmda,False
1391,Lakshmi,Mehta,lakshmi.mehta1391@icloud.com,+21353333485,Europe,UK,$2b$12$lrhF2StBV7Im1FbpHY0lS7,False
1392,Mei,Tanaka,mei.tanaka1392@outlook.com,+47595257225,Europe,UK,$2b$12$XSXILH7wWbz4pXFighCt3V,False
1393,Pierre,Rodriguez,pierre.rodriguez1393@yahoo.com,+83566139870,Africa,Nigeria,$2b$12$iFVOaaK5dklt36tTaFM1Yd,False
1394,Carlos,Malhotra,carlos.malhotra1394@yahoo.com,+40383177687,Africa,Nigeria,$2b$12$zeaj5qTR1H8AWWHtjfEymV,False
1395,Meera,Chatterjee,meera.chatterjee1395@outlook.com,+68345644161,Asia,Japan,$2b$12$kDA8g1QXWVAKw3nKnx7m2Y,False
1396,Ling,Rodriguez,ling.rodriguez1396@gmail.com,+44740523219,North America,USA,$2b$12$wxaXP8syQvtk9DVOLttEiH,False
1397,Sakura,Moore,sakura.moore1397@outlook.com,+25839494088,Oceania,Australia,$2b$12$frNbcnUXarda6AXQBUpzxJ,False
1398,Ahmed,Petrov,ahmed.petrov1398@gmail.com,+91838913235,Europe,Italy,$2b$12$nU033NXQ7gmAM3fj1tbQ23,False
1399,Aditya,Sharma,aditya.sharma1399@gmail.com,+46620711621,Oceania,Australia,$2b$12$0di1Qny153CWc5n7b5GFPC,False
1400,Sunita,El-Masry,sunita.el-masry1400@outlook.com,+35897854838,Africa,South Africa,$2b$12$6gOncOQhT6RoffMoxdBkAK,False
1401,Ngozi,Fernandez,ngozi.fernandez1401@hotmail.com,+93677295017,Africa,South Africa,$2b$12$7rtX7zvSURNiqdy0nRAknQ,False
1402,Rahul,Rossi,rahul.rossi1402@icloud.com,+41550347606,Asia,UAE,$2b$12$Xu4dJo3UdyUHEiJftoODA0,False
1403,Sunita,Chopra,sunita.chopra1403@gmail.com,+90906378888,Asia,UAE,$2b$12$yV3jUeNnp0lFWYmwIKkKaM,False
1404,Divya,Dubois,divya.dubois1404@yahoo.com,+34715590005,Asia,Japan,$2b$12$TDpoQA58AqYSk6mJlEMhqU,False
1405,Priya,Wilson,priya.wilson1405@outlook.com,+55234070649,North America,USA,$2b$12$74U8kmz5XwbMtnnptMkE57,False
1406,Aadhya,Smith,aadhya.smith1406@outlook.com,+64711488329,Europe,Italy,$2b$12$Zqj2zCAiSooUSZRczztEEM,False
1407,Arnav,Smith,arnav.smith1407@icloud.com,+51288908188,South America,Brazil,$2b$12$7O5ZTqJg5lo6hHJnyWSKHw,False
1408,Amara,Al-Farsi,amara.al-farsi1408@hotmail.com,+31705348942,Africa,Nigeria,$2b$12$MbeWkSbq6q8qNPNsVtYxZ8,False
1409,Aarav,Hassan,aarav.hassan1409@outlook.com,+84199211536,Asia,South Korea,$2b$12$UCAxvDES32L93EzCbuxWqO,False
1410,Pooja,Martin,pooja.martin1410@gmail.com,+70801769546,South America,Brazil,$2b$12$tweGgmFRzp3vtevnvmmTDR,False
1411,Sai,Reddy,sai.reddy1411@gmail.com,+76393322257,North America,USA,$2b$12$JHCxq3z2VL0OYXOSYn2Fhj,False
1412,Yuki,Dubois,yuki.dubois1412@gmail.com,+49440911950,Asia,India,$2b$12$UYOO18ZiXFXSQ1j0vmS8f8,False
1413,Amit,Joshi,amit.joshi1413@hotmail.com,+45076062732,Asia,Japan,$2b$12$v8dMHZDelp2f0FJ7VOZC5X,False
1414,Mateo,Iyer,mateo.iyer1414@yahoo.com,+54386425080,Africa,South Africa,$2b$12$8INC5NjFiNRXjCvz6IB4GA,False
1415,Jin,Nakamura,jin.nakamura1415@yahoo.com,+63730970059,Europe,Spain,$2b$12$H0CMlaeDSn6jRodSGM6H0E,False
1416,Valentina,Taylor,valentina.taylor1416@hotmail.com,+50646300663,Europe,Germany,$2b$12$vyv2F5pVhrc4sYAhvvFuPT,False
1417,Min-jun,Li,min-jun.li1417@icloud.com,+07114796968,Europe,Italy,$2b$12$jGJqVo2CwPMFQqYMn91kWG,False
1418,Lucas,Ndlovu,lucas.ndlovu1418@outlook.com,+10697341361,Europe,UK,$2b$12$Vxpne2t7ov2vVf7MUb7Enj,False
1419,Kwame,Iyer,kwame.iyer1419@icloud.com,+42478487975,Asia,South Korea,$2b$12$fPn5of0WGZTkz5QMkHkPnr,False
1420,Emily,Bhatt,emily.bhatt1420@hotmail.com,+63676157178,Asia,Singapore,$2b$12$JbRBFUV4lAfqIiB6eor4Tl,False
1421,Elena,Wang,elena.wang1421@hotmail.com,+59848919049,Africa,Nigeria,$2b$12$RbXnSETvG4XH5hRMpyzQMW,False
1422,Claire,Martinez,claire.martinez1422@icloud.com,+72622909407,Oceania,New Zealand,$2b$12$O9ZJbwhA9yYBJbQpC9n5Zc,False
1423,Ling,Nakamura,ling.nakamura1423@gmail.com,+03273606728,North America,Canada,$2b$12$w8CX4aT4J7RMhW1ujJ6TYI,False
1424,Ali,Wilson,ali.wilson1424@hotmail.com,+46192600192,Europe,Germany,$2b$12$zsYOUZ8ZBiIB5c1Nepd5NM,False
1425,Amit,Li,amit.li1425@icloud.com,+85044268858,Europe,Spain,$2b$12$GykTim8f6fEKh37nnVxcUv,False
1426,Santiago,Kowalski,santiago.kowalski1426@icloud.com,+90670692896,Europe,Germany,$2b$12$zOJZX64NICPdyrI5DKyvQp,True
1427,Ali,Martin,ali.martin1427@outlook.com,+65445487352,Africa,Nigeria,$2b$12$2hnUfzx6jCCYHi1jRqhl68,False
1428,Zola,Adeyemi,zola.adeyemi1428@hotmail.com,+13081322378,North America,Mexico,$2b$12$LY3vUGkHcLqgRvBfe4LzPT,False
1429,Sanjay,Martinez,sanjay.martinez1429@icloud.com,+12437245367,North America,USA,$2b$12$h5OtqfpunPpEIekeQRiTYg,False
1430,Valentina,Kulkarni,valentina.kulkarni1430@icloud.com,+54999088873,Africa,South Africa,$2b$12$hXtvKeBuZTrOyDTrJzOx5y,False
1431,James,Mehta,james.mehta1431@icloud.com,+75837781829,Oceania,New Zealand,$2b$12$gEoC5gcrBiRLRA5P5fPvll,False
1432,Priya,Lopez,priya.lopez1432@icloud.com,+02656406553,Europe,Germany,$2b$12$mfCVCiRk1wasZ5A9oACmxE,False
1433,Kavya,Joshi,kavya.joshi1433@yahoo.com,+87101076458,Europe,Spain,$2b$12$REgC0b9haipvZKN2in8Vdo,False
1434,Yuki,Chatterjee,yuki.chatterjee1434@hotmail.com,+84559738379,Asia,Japan,$2b$12$xcKOunA5S5IgdmGnt4ceyU,False
1435,Divya,Desai,divya.desai1435@outlook.com,+81271024113,Asia,Japan,$2b$12$ZrsK1k3YqPMbyoeCRGfZex,False
1436,Ishaan,Li,ishaan.li1436@icloud.com,+55790613372,Oceania,New Zealand,$2b$12$J5UmA1p4HMP7QzKRLa3rOJ,False
1437,Sophia,Kulkarni,sophia.kulkarni1437@icloud.com,+83895174342,Asia,China,$2b$12$h2f75J713X5V2gAD4EBWOK,True
1438,Ahmed,Hassan,ahmed.hassan1438@icloud.com,+29247268804,North America,USA,$2b$12$4YS7cIbXhIWMdDW73YtUku,False
1439,Divya,Novak,divya.novak1439@outlook.com,+06381839123,Asia,China,$2b$12$rE2136b92TeTPfmUkvL1ra,False
1440,Marco,Okafor,marco.okafor1440@outlook.com,+97857668954,Asia,South Korea,$2b$12$050EShNLNQ3WcRTIMfq1a8,False
1441,Valentina,Novak,valentina.novak1441@gmail.com,+67969797819,Asia,Japan,$2b$12$nWncLUfqs7td9fElpUiOJT,True
1442,David,Verma,david.verma1442@hotmail.com,+37347570847,Asia,Japan,$2b$12$jva29BGi2VhGkKOxBSjczE,False
1443,Lukas,Moore,lukas.moore1443@outlook.com,+25514688361,Oceania,Australia,$2b$12$rAgUVqOoyt8DNn5QguFAXI,False
1444,Sophia,Joshi,sophia.joshi1444@outlook.com,+88943772564,Africa,Nigeria,$2b$12$Ix0RROPUoGiwsmHBC2whXn,False
1445,Diya,Rossi,diya.rossi1445@hotmail.com,+32423136318,Europe,France,$2b$12$8PpJ54ybe2OSSWFxotUajW,False
1446,Vihaan,El-Masry,vihaan.el-masry1446@icloud.com,+45554789430,Europe,Italy,$2b$12$OkcohrZ1rrZAnUE32X8HHa,False
1447,Lukas,Pillai,lukas.pillai1447@gmail.com,+49287657011,Asia,UAE,$2b$12$kj5pMzVw6FpzwTudW9p0cu,False
1448,Marco,Kim,marco.kim1448@outlook.com,+74204310772,Asia,China,$2b$12$ayL706Oy4dY9bO2Q8rNYeI,False
1449,Zainab,Li,zainab.li1449@hotmail.com,+42419792851,Asia,China,$2b$12$7DYTqxEAKOzNO8YIktur6H,False
1450,Ishaan,Chen,ishaan.chen1450@icloud.com,+38772690301,Europe,UK,$2b$12$9hSKVyGvRlOEXclLxr54fG,False
1451,Pooja,Martin,pooja.martin1451@hotmail.com,+92109472686,Europe,France,$2b$12$PWm0O2Q1bnGsmR9HLLzQYh,False
1452,Vihaan,Patel,vihaan.patel1452@hotmail.com,+52254014153,South America,Brazil,$2b$12$rkXNPMHYjRZmReky9xAVXP,False
1453,Arjun,Moore,arjun.moore1453@icloud.com,+21516996896,Africa,Nigeria,$2b$12$b2qFTrQFjnVdxExz8b8S4N,False
1454,Rahul,Smith,rahul.smith1454@icloud.com,+25863113850,South America,Argentina,$2b$12$6eSS5fFGfMDEQUPx7nvEtv,False
1455,Hiro,Fernandez,hiro.fernandez1455@hotmail.com,+94383695638,Europe,Spain,$2b$12$5jFDfmqDzKxWw09Pg3YIvS,True
1456,Sai,Ndlovu,sai.ndlovu1456@yahoo.com,+02941425239,North America,Mexico,$2b$12$MVOZ7Ut3ZDd7HyLeZlpIPa,False
1457,Pierre,Garcia,pierre.garcia1457@outlook.com,+07046920785,Europe,UK,$2b$12$Kj7xEMjk7JoP3VyO3pW9v3,False
1458,Mia,Verma,mia.verma1458@hotmail.com,+05340390955,Europe,Italy,$2b$12$bxrbLGx1pYN3a8aSUkccij,False
1459,Sanjay,Okafor,sanjay.okafor1459@gmail.com,+92923463706,Asia,Japan,$2b$12$7mXdOCHWnanXK5ZjdblDb1,False
1460,David,Wilson,david.wilson1460@hotmail.com,+65679245395,Africa,South Africa,$2b$12$DT2cAP9YnqXOpE5mu3Pnr0,True
1461,Mateo,Anderson,mateo.anderson1461@outlook.com,+51464711338,Africa,South Africa,$2b$12$rREnwSXb4oOrq3R4bqdDC8,False
1462,Lakshmi,Novak,lakshmi.novak1462@icloud.com,+84525779530,North America,USA,$2b$12$oP9eBybApsnGyTvQGvZTGH,False
1463,Arjun,Ndlovu,arjun.ndlovu1463@yahoo.com,+68593061074,South America,Brazil,$2b$12$VVShozJyZvHRxITx8HWRYP,False
1464,Arjun,Gupta,arjun.gupta1464@icloud.com,+67365573551,Europe,France,$2b$12$HVC0FTmlJ0Tu1PI9Wseqkl,False
1465,Ngozi,Smith,ngozi.smith1465@outlook.com,+20149975237,Europe,UK,$2b$12$G9OApWIdClEdnYkgn56PW4,False
1466,Rohan,Garcia,rohan.garcia1466@outlook.com,+99345010727,Asia,South Korea,$2b$12$szbG5bSC7KzgI8aa3qLMDE,False
1467,Ji-woo,Suzuki,ji-woo.suzuki1467@hotmail.com,+37132451690,North America,USA,$2b$12$Qol9alTJthwdIE5XDGQsLb,False
1468,Emma,Mehta,emma.mehta1468@outlook.com,+09697715380,Europe,Spain,$2b$12$663nWJ8ayg6kcg7GgyAXnh,False
1469,Valentina,Tanaka,valentina.tanaka1469@icloud.com,+05995429115,Asia,South Korea,$2b$12$UAhAAomf0aFbXy8duyeBCB,False
1470,Sai,Ndlovu,sai.ndlovu1470@gmail.com,+34928230688,Europe,France,$2b$12$HloENyC9Ocwd2ZCqSlV2lH,False
1471,Zola,Joshi,zola.joshi1471@hotmail.com,+17167110761,Asia,South Korea,$2b$12$jMPa6qCq4V9xIJo519ChjI,False
1472,Omar,Garcia,omar.garcia1472@icloud.com,+57262233423,Asia,India,$2b$12$YRTW05wTrQddmH4LIR2KTz,False
1473,Mia,Silva,mia.silva1473@yahoo.com,+63611846719,South America,Argentina,$2b$12$9E372uxW5LWB1zMHZX0hp4,False
1474,Riya,Adeyemi,riya.adeyemi1474@yahoo.com,+48446169606,Europe,UK,$2b$12$iVNvca3gUiygNgM7TO4YTI,False
1475,Pierre,Kulkarni,pierre.kulkarni1475@outlook.com,+01230074146,North America,Canada,$2b$12$yMg22qUR03U6uBj1rFkpPp,False
1476,Sunita,Joshi,sunita.joshi1476@hotmail.com,+72196931337,Asia,Japan,$2b$12$FCMpEbGgT0y2y2GIz5REXC,False
1477,Michael,Suzuki,michael.suzuki1477@icloud.com,+70536357217,Europe,France,$2b$12$2DYpJMGBa8nkYeVvSnR9FI,False
1478,Liam,Tanaka,liam.tanaka1478@hotmail.com,+94918921680,South America,Brazil,$2b$12$MwINbCGmDyIr3NMYbqlMvR,False
1479,Neha,Taylor,neha.taylor1479@hotmail.com,+68050143082,North America,Canada,$2b$12$6wuEEwvxEBCsNEoU2yG6tn,False
1480,Noah,Martinez,noah.martinez1480@outlook.com,+81574470867,Asia,South Korea,$2b$12$vBBLrHg6sujx8KPKuWvX9a,False
1481,Saanvi,Rodriguez,saanvi.rodriguez1481@hotmail.com,+43569801935,Oceania,New Zealand,$2b$12$kVhSpKOt14nTPpYspSh4xE,False
1482,Aarav,Mehta,aarav.mehta1482@yahoo.com,+01477812550,North America,Canada,$2b$12$Q2VxUyGQIdcifTlptk1fln,False
1483,Pooja,Rodriguez,pooja.rodriguez1483@outlook.com,+48184567612,Europe,Spain,$2b$12$fplvj6WNKQ6iGlC3NNfYSw,False
1484,Rohan,Desai,rohan.desai1484@gmail.com,+80751190006,Africa,Nigeria,$2b$12$uJVF1mQZRuCCtilNnXXzw8,False
1485,Noah,Taylor,noah.taylor1485@gmail.com,+91772040148,Asia,Japan,$2b$12$apQ2CSn5KTkETz7Zh0xKzR,False
1486,Kwame,Verma,kwame.verma1486@icloud.com,+96236157802,Europe,UK,$2b$12$ACKnAddOrPVPAIWvzpmeej,False
1487,Aadhya,Chatterjee,aadhya.chatterjee1487@icloud.com,+25199344087,Europe,Germany,$2b$12$VMfVU48fGYoLfs8Sq9mxBM,False
1488,Aarav,Petrov,aarav.petrov1488@outlook.com,+35323186906,South America,Argentina,$2b$12$qqPmijubcSHjpPX1n0AsJh,False
1489,Rohan,Thomas,rohan.thomas1489@gmail.com,+56931041112,Africa,South Africa,$2b$12$CBKldx8JHNFn9oN1O6lNfI,False
1490,David,El-Masry,david.el-masry1490@gmail.com,+14621507342,Europe,Italy,$2b$12$lOuh13kmcP3nBRBUUTSAyL,False
1491,Deepak,Nair,deepak.nair1491@gmail.com,+21516255675,Asia,India,$2b$12$gLcSLEsFNQ5kcOkjrSdyg0,False
1492,Michael,Khan,michael.khan1492@hotmail.com,+82736492516,South America,Argentina,$2b$12$VfqCCkC1nhxErgfXirVKbk,False
1493,Aditya,Brown,aditya.brown1493@yahoo.com,+04034331774,Europe,UK,$2b$12$Dv9hbI7aZ9zz9NHr5py0FV,False
1494,Karan,Garcia,karan.garcia1494@yahoo.com,+00698441074,Europe,Germany,$2b$12$9NkULkg5gC910TDr3Jy7wc,False
1495,Olivia,Rossi,olivia.rossi1495@icloud.com,+43398637351,South America,Argentina,$2b$12$LAMMNvpt7Uy4VHX6JgAoRf,False
1496,Sophia,Tanaka,sophia.tanaka1496@icloud.com,+70760524075,Europe,UK,$2b$12$DBxMHmXBjQyNUN6Lx9FSu4,False
1497,Wei,Iyer,wei.iyer1497@hotmail.com,+38661579616,South America,Argentina,$2b$12$67y1Pf4GHx0gxImnMKYYby,False
1498,Valentina,Martin,valentina.martin1498@yahoo.com,+03989367299,Asia,India,$2b$12$06fVoXBgm6Vc60HbAkwtST,False
1499,James,Menon,james.menon1499@outlook.com,+17465205882,Oceania,New Zealand,$2b$12$k3PPWTWrQ8UzN4OW3wuvwQ,False
1500,Chidi,Moore,chidi.moore1500@yahoo.com,+83535564564,North America,USA,$2b$12$E6QP61c72uoH9LJn3Xdq2R,False
1501,Mei,Patel,mei.patel1501@icloud.com,+50818790204,Oceania,Australia,$2b$12$zGhZNFLKAlDYdyYJb0dDhr,False
1502,Sanjay,Al-Farsi,sanjay.al-farsi1502@gmail.com,+97780736764,Europe,Germany,$2b$12$yq2JwsEuXoQBqChGSKaKbw,False
1503,Neha,Pillai,neha.pillai1503@hotmail.com,+64643237811,North America,USA,$2b$12$N38FnZwImwDT3kI8bJVgPA,False
1504,Divya,Kapoor,divya.kapoor1504@outlook.com,+57130017841,South America,Brazil,$2b$12$LSietqr5QwLjlgAMFIkOI7,False
1505,Ling,Verma,ling.verma1505@hotmail.com,+92113734396,Asia,Japan,$2b$12$pdCmkoQA2h5zHYEko4e4PF,False
1506,Rahul,Adeyemi,rahul.adeyemi1506@outlook.com,+64586808969,Africa,Nigeria,$2b$12$t1cSnwdIjhuE6ZyKVxVPR8,False
1507,Ivan,Okafor,ivan.okafor1507@gmail.com,+52661225171,North America,Mexico,$2b$12$xeHudjH7uHkiWLlFJds1wR,False
1508,Emily,Fernandez,emily.fernandez1508@hotmail.com,+96336075286,North America,Canada,$2b$12$La67Pj0aFARi2JqtQls92u,False
1509,Kwame,Patel,kwame.patel1509@hotmail.com,+16474990424,Asia,South Korea,$2b$12$IzmsgZpmNh72zli1BJhZGe,False
1510,Layla,Smith,layla.smith1510@outlook.com,+15164986476,Africa,South Africa,$2b$12$e7dsadYVulpvWKBehmnE1A,False
1511,Karan,Kowalski,karan.kowalski1511@yahoo.com,+13930896633,Asia,China,$2b$12$uIeTdv7zUq0vodtJdkvSLc,False
1512,Neha,Park,neha.park1512@yahoo.com,+98431045683,South America,Argentina,$2b$12$cdurhBKR9Q980vcd11tTCe,False
1513,Carlos,Menon,carlos.menon1513@outlook.com,+18750468543,Oceania,Australia,$2b$12$OfiDevUKdn974FAU7h3Mi1,False
1514,Karan,Rao,karan.rao1514@yahoo.com,+40173839115,Africa,South Africa,$2b$12$bbwHApODhYtQvUrneZSMLe,False
1515,Rahul,Agarwal,rahul.agarwal1515@yahoo.com,+81527562263,Asia,Japan,$2b$12$z1rd0bQZUa3f0bE2qcfxwn,False
1516,Lukas,Kowalski,lukas.kowalski1516@yahoo.com,+61310241085,Asia,UAE,$2b$12$CvKst3WVx2vSUuMlxGPwSN,False
1517,Michael,Chopra,michael.chopra1517@gmail.com,+77168489516,Asia,Japan,$2b$12$1cFSAsKCA8AnbhHngvoHd8,False
1518,Arjun,Muller,arjun.muller1518@icloud.com,+85854914169,Asia,UAE,$2b$12$41kSaSXrC5mHskQ6JFHjmT,True
1519,Sarah,Ibrahim,sarah.ibrahim1519@yahoo.com,+92788514763,Asia,South Korea,$2b$12$KoblFqTJjsccUy2otFrChe,False
1520,James,Rossi,james.rossi1520@gmail.com,+26449029939,Asia,Japan,$2b$12$1pgrAEVYsnhjbazLYurPNQ,False
1521,Kwame,Fernandez,kwame.fernandez1521@gmail.com,+20350176692,Asia,China,$2b$12$kcHzq8jrUGoHzqPWea4ofK,False
1522,Yasmin,Chatterjee,yasmin.chatterjee1522@icloud.com,+83972255228,Asia,UAE,$2b$12$u47alLuaCM9zWAP7YQZmX9,False
1523,Anika,Okafor,anika.okafor1523@outlook.com,+71714061211,South America,Argentina,$2b$12$8pAQeQr0MydRHMbBU4vpRn,False
1524,Saanvi,Chopra,saanvi.chopra1524@yahoo.com,+05837520704,Oceania,Australia,$2b$12$3N5lfZrvqA3Qe2BQwfAubU,False
1525,Haruto,Bhatt,haruto.bhatt1525@outlook.com,+07933553312,Asia,Singapore,$2b$12$14pNGKXxrDPAsdJbDMCFrp,False
1526,Arjun,Joshi,arjun.joshi1526@gmail.com,+57757533537,North America,Mexico,$2b$12$03jmwRdWa0c06X9CNMa1RA,False
1527,Divya,Menon,divya.menon1527@yahoo.com,+10401302538,Asia,South Korea,$2b$12$nP8j5JWigOrxMovwvRj4Sa,True
1528,Diya,Iyer,diya.iyer1528@yahoo.com,+07566073623,Europe,Spain,$2b$12$JkjRpJrtPOb1KpgERbr6gX,False
1529,Vivaan,Malhotra,vivaan.malhotra1529@icloud.com,+79875592966,North America,USA,$2b$12$oFV9LnfUJV9ZFQMltfwl31,False
1530,Nadia,Nair,nadia.nair1530@gmail.com,+58607799906,North America,Canada,$2b$12$TyaHbbjEUzWH3xsenck6HL,False
1531,Krishna,Wilson,krishna.wilson1531@outlook.com,+99598086519,Asia,South Korea,$2b$12$xNI4XIWM9G0kktZ2yBEmHZ,False
1532,Aarav,Reddy,aarav.reddy1532@hotmail.com,+24294109270,Oceania,Australia,$2b$12$UfvNKRUsDkSBvU62iYJgyn,True
1533,Lukas,Patel,lukas.patel1533@icloud.com,+86282954020,Asia,Japan,$2b$12$qMzSXaZiafdv0QB6EfbFnx,False
1534,Anika,Dubois,anika.dubois1534@outlook.com,+81119970590,Asia,China,$2b$12$ty7egrUppSLNONIGVvtpZa,False
1535,Santiago,Iyer,santiago.iyer1535@yahoo.com,+70858478364,North America,Canada,$2b$12$mjxnF8A8tViLUP6LKOvn48,False
1536,Aditya,Reddy,aditya.reddy1536@yahoo.com,+47214813646,Asia,UAE,$2b$12$5UnotFoWf4CxBDItsxjozb,False
1537,Aadhya,Verma,aadhya.verma1537@yahoo.com,+58844248564,North America,Canada,$2b$12$AzaDPWyGeuPC7X4DeI6k7a,False
1538,Rohan,Menon,rohan.menon1538@hotmail.com,+77598129437,Africa,Nigeria,$2b$12$M5nqYvOhPFFTBQA1Ir2t67,False
1539,Yasmin,Tanaka,yasmin.tanaka1539@yahoo.com,+61087381806,Africa,Nigeria,$2b$12$ICqZqLXlk79uoNKpnJrHQq,False
1540,Sakura,Fernandez,sakura.fernandez1540@hotmail.com,+86732212272,Oceania,New Zealand,$2b$12$J9HiTBSbSQaCDIMR4Vt7D1,False
1541,Emily,Silva,emily.silva1541@hotmail.com,+17527270553,Europe,France,$2b$12$EuSTheUiCCBC6F1DDNo75k,False
1542,Rahul,Park,rahul.park1542@icloud.com,+63625793448,Europe,UK,$2b$12$jwleYmw9ycpnIAesDHz9ER,False
1543,Krishna,Reddy,krishna.reddy1543@yahoo.com,+96807875868,Europe,France,$2b$12$JzbQ12XoBSTMdTJfHT6WqQ,False
1544,Hiro,Lopez,hiro.lopez1544@icloud.com,+16488824092,South America,Argentina,$2b$12$PmZkUT7Oe8xC1oPVGUSGfU,False
1545,Neha,Gupta,neha.gupta1545@outlook.com,+64987619043,Europe,Germany,$2b$12$WtYnkhIsROAq42vpXQCGSn,False
1546,Ling,Khan,ling.khan1546@hotmail.com,+39252974012,Africa,South Africa,$2b$12$9Ih796RsGHFjtDGtT5CNll,False
1547,Layla,Taylor,layla.taylor1547@hotmail.com,+48153067953,Europe,UK,$2b$12$e9sRMikXXIvyXmfrlkCXQq,False
1548,Ngozi,Adeyemi,ngozi.adeyemi1548@icloud.com,+82690924217,North America,USA,$2b$12$ADy869zXTXk66XJBpd7mvB,False
1549,Michael,Kulkarni,michael.kulkarni1549@outlook.com,+45479513412,Europe,Germany,$2b$12$PqnuudyIBv4q0LOr7DFpDQ,False
1550,Aarav,Al-Farsi,aarav.al-farsi1550@hotmail.com,+29485596226,South America,Argentina,$2b$12$60jf7Yj0V7jZwIqeReCm5B,False
1551,Deepak,Thomas,deepak.thomas1551@yahoo.com,+01074076718,Asia,Singapore,$2b$12$l7QkvHW90aDcsqqnyE7AbK,False
1552,Ngozi,Tanaka,ngozi.tanaka1552@outlook.com,+15523046359,Europe,Italy,$2b$12$sjPQvnEC8clX6Mtm0LzBjZ,False
1553,Mei,Novak,mei.novak1553@outlook.com,+22152826131,Asia,UAE,$2b$12$d8kheEdpXUvcjHC1DyMZYj,False
1554,Sakura,El-Masry,sakura.el-masry1554@hotmail.com,+50055344748,Asia,Singapore,$2b$12$z4YXhyZiSGTPfhu56Vo7Ss,False
1555,Mia,Anderson,mia.anderson1555@hotmail.com,+21406335039,Asia,South Korea,$2b$12$SADoNq5jphoP6jniYHwRfW,False
1556,Aadhya,Thomas,aadhya.thomas1556@gmail.com,+65549949033,Asia,Japan,$2b$12$fJbmMJBMZq8i85AfzrJoe3,False
1557,Zola,Said,zola.said1557@icloud.com,+66425243871,North America,Mexico,$2b$12$1F075ZcU4kevZYK8k216sN,False
1558,Diego,Smith,diego.smith1558@hotmail.com,+96351047339,Europe,France,$2b$12$rD7FVCajPstfYfHt4PeMkI,False
1559,Claire,Chopra,claire.chopra1559@gmail.com,+94067996127,Asia,Japan,$2b$12$pUDA2BoGYerKoUdqK0vq5F,False
1560,Ngozi,Martin,ngozi.martin1560@icloud.com,+64474193204,North America,Mexico,$2b$12$m2bT4J4MLglRQLmffhn8Wl,False
1561,Pooja,Patel,pooja.patel1561@hotmail.com,+91210627460,Asia,India,$2b$12$t3BruyHIHMsEZv8ExRyyxH,False
1562,Amit,Chopra,amit.chopra1562@gmail.com,+34044457706,North America,Mexico,$2b$12$cxVuHs6nWVz99bJm97AvYy,False
1563,Amit,Anderson,amit.anderson1563@outlook.com,+98378386777,South America,Argentina,$2b$12$TPrv5Ez3JJyPcnYq93x4SY,False
1564,Nadia,Rodriguez,nadia.rodriguez1564@icloud.com,+98456833799,North America,Mexico,$2b$12$DhHYfbYKGPQALDmTx3ylZi,False
1565,Yuki,Martinez,yuki.martinez1565@yahoo.com,+19710297564,North America,Canada,$2b$12$9NDommZmcmLDx7vZhHifQP,False
1566,Mia,Agarwal,mia.agarwal1566@icloud.com,+91328569191,Asia,Singapore,$2b$12$JBqWlE6P0mbZIW0xg7sjJb,False
1567,Anna,Anderson,anna.anderson1567@outlook.com,+77819715843,Europe,Germany,$2b$12$dVfLCg6jOiKk3CadHGuLXT,False
1568,Haruto,Rao,haruto.rao1568@yahoo.com,+25967774735,Europe,Italy,$2b$12$U6mfhcsi5unGAa7QZ72pVa,False
1569,Ivan,Garcia,ivan.garcia1569@yahoo.com,+39754572821,Europe,Spain,$2b$12$wURVUcKMjpEN0T8nyq3LFK,False
1570,Pierre,Mehta,pierre.mehta1570@outlook.com,+77367798420,Europe,Germany,$2b$12$u2MFRXyTXPhlbrkJ4ercfd,False
1571,Reyansh,Rodriguez,reyansh.rodriguez1571@hotmail.com,+56607775046,South America,Argentina,$2b$12$L5SQjZJ7yRDFgDkUR1CZ3E,False
1572,John,Okafor,john.okafor1572@icloud.com,+55553624478,Asia,UAE,$2b$12$6VrDgxwswdCmoT3kI3LeWd,False
1573,Zainab,Ibrahim,zainab.ibrahim1573@gmail.com,+61630194216,Europe,Germany,$2b$12$MDGn2g6dsGGqrIbjybfbYg,False
1574,Santiago,Chatterjee,santiago.chatterjee1574@icloud.com,+73136120411,Asia,UAE,$2b$12$lXABOMz2onF23UaTk1hhFH,False
1575,Saanvi,Petrov,saanvi.petrov1575@outlook.com,+17493229536,South America,Brazil,$2b$12$vDSPSoIhp8cCEodhTKIjHl,False
1576,Divya,Ibrahim,divya.ibrahim1576@gmail.com,+51711742056,Asia,Japan,$2b$12$t7BbKlaPNnTlFIgRFATWEY,False
1577,Wei,Al-Farsi,wei.al-farsi1577@icloud.com,+24387259312,Asia,South Korea,$2b$12$dMrJMYIa8Fhhbnq6YautBj,True
1578,Mateo,Mensah,mateo.mensah1578@yahoo.com,+69301400682,Oceania,Australia,$2b$12$qJG05yYZvBM4W0Xln2BlsE,False
1579,Rohan,Adeyemi,rohan.adeyemi1579@hotmail.com,+55698390911,Asia,India,$2b$12$Impxn9bVsIt58wbkSZcaEX,False
1580,Haruto,Reddy,haruto.reddy1580@hotmail.com,+11467021176,Europe,Italy,$2b$12$Vb9rowUtOphgBaIWICkkhf,False
1581,Sunita,Adeyemi,sunita.adeyemi1581@gmail.com,+23952912650,Asia,Japan,$2b$12$IrPvtCwgb8gqzBURLt7ftx,False
1582,Meera,Lopez,meera.lopez1582@yahoo.com,+82637879505,Africa,Nigeria,$2b$12$vId0jwK3IHpSIbA31nTuVG,True
1583,David,Kapoor,david.kapoor1583@hotmail.com,+47264643280,South America,Brazil,$2b$12$t7ov5nm7DYfPgzmAy6PeEU,False
1584,Noah,Kulkarni,noah.kulkarni1584@yahoo.com,+24193221642,North America,Canada,$2b$12$ELF8OI6rUWw9s4bssvBUAL,False
1585,Ji-woo,Garcia,ji-woo.garcia1585@gmail.com,+86456182058,Asia,India,$2b$12$hayigfqlisp7NPQdEL6BqU,False
1586,Lakshmi,Joshi,lakshmi.joshi1586@gmail.com,+73352822060,South America,Brazil,$2b$12$l2wev8AdxTd3UUUjXmjcii,False
1587,Santiago,Moore,santiago.moore1587@icloud.com,+89109148163,Europe,Germany,$2b$12$2dOd7IFe1AiR6amNdULHuD,False
1588,Reyansh,Ibrahim,reyansh.ibrahim1588@gmail.com,+49639503268,Oceania,New Zealand,$2b$12$fTMGWFyX5ZFwizZXhHPQ2e,False
1589,Kwame,Al-Farsi,kwame.al-farsi1589@gmail.com,+07996319437,Africa,Nigeria,$2b$12$CfSGAY0tY7dVhWQZJpRubh,False
1590,Aditya,Muller,aditya.muller1590@outlook.com,+78881126588,Africa,Nigeria,$2b$12$1xiccUiXIn3EyPOUM8zmhp,False
1591,Zainab,Nair,zainab.nair1591@gmail.com,+80689374132,North America,Canada,$2b$12$V0sgSWdiuCgKEV7hCZa0yX,False
1592,Arnav,Kulkarni,arnav.kulkarni1592@hotmail.com,+91155514907,Asia,South Korea,$2b$12$L6j2JVVJCYF8PNKpUpMXB9,False
1593,Emma,Dubois,emma.dubois1593@outlook.com,+12825364485,Asia,Japan,$2b$12$kns8Hq7zq4j7cJK65041F1,False
1594,Vivaan,Kim,vivaan.kim1594@hotmail.com,+58487845111,Asia,Singapore,$2b$12$Vx2bgkHenppdnrVKtiFtRn,False
1595,Omar,Mehta,omar.mehta1595@outlook.com,+63263155122,Africa,South Africa,$2b$12$9fZPP3BSGQI8uTkcRnaNLN,False
1596,Kavya,Bhatt,kavya.bhatt1596@hotmail.com,+62024708330,Europe,Italy,$2b$12$CZajx8SG65gG6ljv8nNqT3,True
1597,Fatima,Chatterjee,fatima.chatterjee1597@hotmail.com,+24675137655,Asia,Japan,$2b$12$cxJlNwcMcmkdz2soY6scVO,False
1598,Hassan,Kim,hassan.kim1598@outlook.com,+59553478767,Asia,UAE,$2b$12$9P5jkPUyAxc247FkzQkj9c,False
1599,Chidi,Bhatt,chidi.bhatt1599@gmail.com,+02267114908,South America,Argentina,$2b$12$LjbNlTZFk7xVlkPmHKhula,False
1600,Yasmin,Khan,yasmin.khan1600@yahoo.com,+12678004526,South America,Argentina,$2b$12$6bZzrG4OeVV8m0wwNHonO8,False
1601,Sunita,Thomas,sunita.thomas1601@gmail.com,+29165161560,Europe,Spain,$2b$12$oHtpXSDEA96eYuO6ACMtqL,False
1602,Zainab,Li,zainab.li1602@gmail.com,+22929598257,Oceania,New Zealand,$2b$12$mPpfgqgtzpHxeuaTBLiAYm,False
1603,Isabella,Rao,isabella.rao1603@yahoo.com,+06408282538,North America,USA,$2b$12$9AilC7Dky19M1YA3eXKK5q,False
1604,Lakshmi,Khan,lakshmi.khan1604@yahoo.com,+97872953172,Asia,India,$2b$12$mOTaExY1iJSq53kaJ2QVSj,False
1605,Ananya,Rossi,ananya.rossi1605@gmail.com,+60665698489,Asia,Singapore,$2b$12$ed86Ze38WAfvmO2EcyXNcv,False
1606,Tendai,Menon,tendai.menon1606@yahoo.com,+13751437510,North America,Canada,$2b$12$vcvZiFOQuJSMZng5TBJ51Y,False
1607,Saanvi,Pillai,saanvi.pillai1607@outlook.com,+21826149627,Asia,India,$2b$12$KSJCPbZtHPuukg2GQj0sCF,False
1608,Ling,Said,ling.said1608@gmail.com,+52995045972,Asia,South Korea,$2b$12$Uh4gNn5K65qogSbl4NBi00,False
1609,Rahul,Li,rahul.li1609@yahoo.com,+51455447507,Asia,Singapore,$2b$12$cUuQsaUZQjBHXW3N6YmRfU,False
1610,Ananya,Ibrahim,ananya.ibrahim1610@gmail.com,+66719912299,North America,Mexico,$2b$12$nsJxOFNKmQ7ILSfjIyQ4Wn,False
1611,Diego,Kim,diego.kim1611@gmail.com,+26202087152,Europe,France,$2b$12$tigUQmRC2SqEo3F2FFl7Ps,False
1612,Saanvi,Ibrahim,saanvi.ibrahim1612@gmail.com,+58882111668,Europe,Germany,$2b$12$0ogPUJSprxmocoHwA5aZcF,False
1613,Fatima,Li,fatima.li1613@outlook.com,+02764141591,Asia,Singapore,$2b$12$iD3bFCBMuWowD5H0ifF3on,False
1614,Layla,Reddy,layla.reddy1614@hotmail.com,+17097433387,Europe,Spain,$2b$12$j5fNxzSBbIb06ZzzK0UDYz,False
1615,Sai,Garcia,sai.garcia1615@hotmail.com,+21567341463,Asia,South Korea,$2b$12$VpCZpMrAuPU1wm5yOxZecu,False
1616,Kavya,Thomas,kavya.thomas1616@hotmail.com,+34869080342,South America,Brazil,$2b$12$zVDpeYF7unqziiXQFDEKrW,False
1617,Mateo,Gupta,mateo.gupta1617@hotmail.com,+98547748120,South America,Argentina,$2b$12$aWXFs2Y5bNacdWT3NIlR4w,False
1618,David,Taylor,david.taylor1618@icloud.com,+11685421517,Europe,UK,$2b$12$RFGXs29hFbuxPywVVauVgH,False
1619,Ananya,Thomas,ananya.thomas1619@yahoo.com,+43020747597,Oceania,Australia,$2b$12$ERPFzXxBAvNN3BVs74KSJm,True
1620,Claire,Iyer,claire.iyer1620@hotmail.com,+11827672350,Europe,UK,$2b$12$6TApPAZnGhSylIJs6eup5p,False
1621,Sanjay,Dubois,sanjay.dubois1621@icloud.com,+35229299612,North America,USA,$2b$12$nKqrpHUD3q0TeP9QpA1tDK,False
1622,Aarav,Joshi,aarav.joshi1622@outlook.com,+90558825695,North America,USA,$2b$12$Z7RAzPeBw51qOCZENTZSsT,False
1623,Nadia,Chatterjee,nadia.chatterjee1623@icloud.com,+19511279408,Europe,Germany,$2b$12$tT6D3jA1TuFgYhIEMAfP3L,False
1624,Vivaan,Thomas,vivaan.thomas1624@gmail.com,+65090655535,Africa,South Africa,$2b$12$cgrsh3TV71kbT4R1LCiPsq,False
1625,Yuki,Okafor,yuki.okafor1625@icloud.com,+34671902333,Europe,Germany,$2b$12$2OBXTD8bEzhSgRUEp9RhTj,False
1626,Claire,Garcia,claire.garcia1626@outlook.com,+34783260426,Asia,UAE,$2b$12$MqNXWVRV32VBstMLAzSGbi,False
1627,Jin,Lopez,jin.lopez1627@yahoo.com,+08255442752,Asia,China,$2b$12$uyTDAfd91cC5SeA1sHum1o,False
1628,Jin,Desai,jin.desai1628@gmail.com,+24893315285,North America,USA,$2b$12$KvMXIjrpQQiMCA1dTIqokL,False
1629,Emma,Mensah,emma.mensah1629@hotmail.com,+29831234897,Asia,China,$2b$12$Orx8RKhJyZl96WFK41YlzV,False
1630,Ananya,Okafor,ananya.okafor1630@outlook.com,+81196271784,North America,USA,$2b$12$hQwI41wRaSi4sRPpZl3FCo,False
1631,Hiro,Moore,hiro.moore1631@yahoo.com,+67852230637,Asia,India,$2b$12$aRT07sJ4JUS9vm4CmN0Vu4,True
1632,Zola,Suzuki,zola.suzuki1632@yahoo.com,+03308588080,Asia,South Korea,$2b$12$c3lotAcSiia7cUNZB4Dl3A,False
1633,Krishna,Gupta,krishna.gupta1633@icloud.com,+86841118521,Asia,Japan,$2b$12$aOtYjTZhKO5sEzx9Oj1g2z,False
1634,Amara,Lopez,amara.lopez1634@outlook.com,+02786933619,Europe,France,$2b$12$P12kzeNz9NBjrXi0LGDboF,True
1635,Noah,Petrov,noah.petrov1635@gmail.com,+70167274644,South America,Argentina,$2b$12$EnXByVjduaxiOcmqKzVWxb,False
1636,Mei,Martin,mei.martin1636@yahoo.com,+31118438823,Asia,South Korea,$2b$12$7vH5OJvZmDvgrlfVS1bCOE,False
1637,Kavya,Suzuki,kavya.suzuki1637@gmail.com,+48652307973,Europe,France,$2b$12$bBhbTfs96cyvMQeAr8scM2,False
1638,Sakura,Chen,sakura.chen1638@hotmail.com,+49485452437,Asia,China,$2b$12$YiUmiGX2MzKsiykfUZU4EP,False
1639,Priya,Reddy,priya.reddy1639@icloud.com,+63849689328,North America,Mexico,$2b$12$mBgMBI0dByTOS0swvYCUp5,False
1640,Deepak,Li,deepak.li1640@icloud.com,+27186546332,Oceania,Australia,$2b$12$D9BcqBiVvZ7frL13momvLy,False
1641,Hassan,El-Masry,hassan.el-masry1641@hotmail.com,+18748651516,South America,Argentina,$2b$12$TyKIpdnWUhxYYbWWhwdO1l,False
1642,Arjun,Rossi,arjun.rossi1642@hotmail.com,+05314228340,Europe,France,$2b$12$vHesnaPSfie6JHfa56HibZ,False
1643,Mia,Rossi,mia.rossi1643@outlook.com,+33719160868,Asia,UAE,$2b$12$GuaJ2ZTdUQ0j1SVj1bnjoM,False
1644,Ling,Chen,ling.chen1644@hotmail.com,+98680693954,Asia,UAE,$2b$12$59g8gUlZv2HGBoFOiiAZvz,False
1645,Diya,Petrov,diya.petrov1645@gmail.com,+31874917460,Asia,Singapore,$2b$12$7qw0Ggn8Y6DLiSJc0B92Aa,True
1646,Sunita,Tanaka,sunita.tanaka1646@outlook.com,+66930012811,North America,Canada,$2b$12$jssv7PlRdeNnBZyl9rOkkU,False
1647,Arnav,Al-Farsi,arnav.al-farsi1647@outlook.com,+03624280258,Africa,South Africa,$2b$12$3b8s9HVaj7k1hOxBSjvIwo,False
1648,Fatima,Nakamura,fatima.nakamura1648@gmail.com,+40523992559,Oceania,New Zealand,$2b$12$cNdjoShueFlktpdBFCB9ru,False
1649,Pierre,Dubois,pierre.dubois1649@outlook.com,+93000778101,Oceania,New Zealand,$2b$12$Ff9GRtQ2JnQ1RPClSzoEbG,False
1650,Chidi,Silva,chidi.silva1650@hotmail.com,+60681759220,Oceania,New Zealand,$2b$12$HyRKwShFiLb1bEPznp0iSs,False
1651,Anika,Nair,anika.nair1651@yahoo.com,+78047797999,Oceania,Australia,$2b$12$azfVVnVRPehjYuGD9lWg8J,False
1652,Vivaan,Reddy,vivaan.reddy1652@outlook.com,+44492760417,South America,Brazil,$2b$12$qzTzet4xElbq1HxGY4tZXa,False
1653,Arjun,Taylor,arjun.taylor1653@yahoo.com,+43017828534,North America,Canada,$2b$12$3oV3Jt1DVPtHmaQmGgOkpj,False
1654,Ling,Wang,ling.wang1654@yahoo.com,+69437534510,Asia,India,$2b$12$4MPz1ezfR6VjWpvJClGmSe,False
1655,Aadhya,Hassan,aadhya.hassan1655@gmail.com,+61572390719,Europe,Germany,$2b$12$Y8ULBGF3hKIqzDcDkyrU7g,False
1656,Neha,Martin,neha.martin1656@yahoo.com,+40713574843,Europe,Germany,$2b$12$pjDxCe294EPdLLTWazEDIR,False
1657,Ngozi,Wang,ngozi.wang1657@icloud.com,+38617430909,Africa,Nigeria,$2b$12$KoPLmNGXy3H6ghnYFPbwv5,False
1658,Amara,Rossi,amara.rossi1658@icloud.com,+05148551935,Africa,Nigeria,$2b$12$g1wWsdQkj4o8vrCr5LUeoK,False
1659,Chidi,Chatterjee,chidi.chatterjee1659@hotmail.com,+86714513898,Asia,Japan,$2b$12$E8SsCUzGXrgznI0VTH35Uh,False
1660,Amit,Chen,amit.chen1660@hotmail.com,+99186861571,South America,Brazil,$2b$12$s7eINyRenskBD6EUfdyu5E,False
1661,Sakura,Kim,sakura.kim1661@hotmail.com,+56471395115,North America,Mexico,$2b$12$E01WBncdYizFIfGpvYCya9,False
1662,Haruto,Martin,haruto.martin1662@outlook.com,+90132126837,Europe,Germany,$2b$12$KUAqqa3GvRiDB4XVqG8bOu,False
1663,Priya,Kowalski,priya.kowalski1663@outlook.com,+80816784604,Africa,South Africa,$2b$12$TERp2ZNAjmyW6L6mUHiR4B,True
1664,Yuki,Petrov,yuki.petrov1664@hotmail.com,+91175421737,Asia,India,$2b$12$psLQnQUbxoXOHnD79kEUs9,False
1665,Laura,Wang,laura.wang1665@hotmail.com,+43262948444,Asia,Japan,$2b$12$Cv6Ldg8M19U87zNY6ZYuAZ,False
1666,Liam,Moore,liam.moore1666@outlook.com,+44870006238,Asia,India,$2b$12$hkW8z1wF8x26Te7ErEBxQg,False
1667,Carlos,Nakamura,carlos.nakamura1667@outlook.com,+11020671530,Europe,Germany,$2b$12$NpX8DYtZHFgPXFjPM17ps6,False
1668,Ali,Malhotra,ali.malhotra1668@outlook.com,+46279012814,Africa,Nigeria,$2b$12$h4jzi8F2bcHcHREWgpjEyH,False
1669,Mei,Anderson,mei.anderson1669@yahoo.com,+51010593229,South America,Argentina,$2b$12$jBVeWn1YBexMvNZ7y9p6iH,False
1670,Hassan,Joshi,hassan.joshi1670@yahoo.com,+96419016115,Asia,UAE,$2b$12$PcBrYDgcbcEumyBKE5xyzc,False
1671,Sofia,Rao,sofia.rao1671@gmail.com,+02617060777,Europe,Italy,$2b$12$UHywG3yAitUSXE3IijExgc,False
1672,Hiro,Iyer,hiro.iyer1672@outlook.com,+22971036385,Asia,Singapore,$2b$12$MUnpHhZKwJktG70Nu5hsAI,False
1673,Sanjay,Nakamura,sanjay.nakamura1673@hotmail.com,+98484034981,Oceania,New Zealand,$2b$12$Pz6zNcjna1M0ugubsgnN7o,False
1674,Sofia,Sharma,sofia.sharma1674@hotmail.com,+05572843493,Asia,Singapore,$2b$12$8VhagSP2Gc91S4rHHr9I4t,False
1675,Yasmin,Al-Farsi,yasmin.al-farsi1675@icloud.com,+58057907837,Asia,India,$2b$12$E5lHXXULarXFw2vxzvF79u,False
1676,Pierre,Thomas,pierre.thomas1676@gmail.com,+46318218965,Europe,France,$2b$12$w1JlIXzMWh8dhsbOGw9q2K,False
1677,Saanvi,Brown,saanvi.brown1677@hotmail.com,+36656586362,Asia,Japan,$2b$12$Q7phXNm4SHi7GLbPZXxmBI,False
1678,Noah,Lopez,noah.lopez1678@hotmail.com,+28503968501,Europe,Italy,$2b$12$qM5hpCkVdcvzRjWk6FVbSA,False
1679,Nadia,Suzuki,nadia.suzuki1679@outlook.com,+07747576463,Asia,Singapore,$2b$12$FbM592SnwenpPb5TPJpHN0,False
1680,David,Silva,david.silva1680@yahoo.com,+79261362231,North America,USA,$2b$12$QYCzWLyBIMwj3skp1kRzLT,False
1681,Elena,El-Masry,elena.el-masry1681@yahoo.com,+61339901726,Europe,UK,$2b$12$nyX80so6QmOtjkxoWjlMAm,False
1682,Vivaan,Verma,vivaan.verma1682@hotmail.com,+91902585127,South America,Argentina,$2b$12$efsqKQkACjEdtTpRgC3GYo,False
1683,Aditya,Joshi,aditya.joshi1683@icloud.com,+50540297003,Europe,Italy,$2b$12$lEpTvVcvpQmEwTwQfUNkgt,False
1684,Mateo,Park,mateo.park1684@hotmail.com,+44610681361,Asia,China,$2b$12$9qDBsCkPjJtJHNLqKoynHW,False
1685,John,Kowalski,john.kowalski1685@outlook.com,+82536105867,Asia,Japan,$2b$12$LgetKr9K35f2dgHHOcgXKx,False
1686,Laura,Rao,laura.rao1686@hotmail.com,+41497735668,Asia,China,$2b$12$lntEYAB6fc96zohi3T0GO3,False
1687,Sophia,Nair,sophia.nair1687@gmail.com,+62268965890,South America,Argentina,$2b$12$wHrFnmw6qPJLiWWgy1oFZX,False
1688,Olivia,Novak,olivia.novak1688@hotmail.com,+33523004922,Europe,Germany,$2b$12$yS5B8VOSlaZR6Fx06YZk1b,False
1689,Lukas,Kowalski,lukas.kowalski1689@gmail.com,+29661919958,South America,Argentina,$2b$12$UmcTv2rRNY1KvFL8keCA3r,False
1690,Krishna,Chopra,krishna.chopra1690@icloud.com,+95755362120,Europe,Germany,$2b$12$jh3L8qfCki2yemw3NGKXmE,False
1691,Diego,Taylor,diego.taylor1691@icloud.com,+92743285468,Europe,Italy,$2b$12$xcIRPcyyjHGWV3AmHPuD4V,False
1692,Tendai,Khan,tendai.khan1692@outlook.com,+64889081662,Asia,South Korea,$2b$12$L6aHqrWXEGL2bJe6obYT3v,True
1693,Ahmed,Kapoor,ahmed.kapoor1693@yahoo.com,+09816153754,Africa,South Africa,$2b$12$rP66yOZULjNkBJbAtgOT3R,False
1694,Liam,Pillai,liam.pillai1694@hotmail.com,+64057410273,Europe,Germany,$2b$12$lfYdxxlNV3DAmf008hAN2z,False
1695,Aadhya,Wilson,aadhya.wilson1695@hotmail.com,+93476001800,Asia,South Korea,$2b$12$i4fRwaGxBlPrjylHHX8fcB,False
1696,Layla,Al-Farsi,layla.al-farsi1696@hotmail.com,+76926151942,North America,Canada,$2b$12$e0YA7GHWISoFY7lcKdQAXj,False
1697,James,Kulkarni,james.kulkarni1697@outlook.com,+90756284442,North America,Canada,$2b$12$cndjUQMAnZ2p3MvnKatQEj,False
1698,Saanvi,Taylor,saanvi.taylor1698@yahoo.com,+31443919807,South America,Argentina,$2b$12$jRZQjPrKK2Zea5selE35Oq,True
1699,John,Bhatt,john.bhatt1699@gmail.com,+20812010807,South America,Brazil,$2b$12$SZzKE1Ld2IAlRbkQqUqTQT,False
1700,Marco,Lopez,marco.lopez1700@yahoo.com,+19868272697,Europe,Italy,$2b$12$TXwDevCV3PhmHA5lJWBpiM,False
1701,Sanjay,Rao,sanjay.rao1701@outlook.com,+27887777181,Asia,Singapore,$2b$12$NTZ9lAu2hPtaLyQylhlBqh,False
1702,Priya,Desai,priya.desai1702@outlook.com,+53220444061,Europe,Italy,$2b$12$tZ0wGlzLb145n3h2iv6Fnx,False
1703,Ali,Mehta,ali.mehta1703@outlook.com,+80034953828,Europe,France,$2b$12$u5zfkIapL0fvy1W5Mk6UOv,False
1704,Anika,Muller,anika.muller1704@yahoo.com,+43306566085,Asia,China,$2b$12$XzurOMovoTvWoybabe5qG7,False
1705,Nadia,Novak,nadia.novak1705@icloud.com,+60763969829,Europe,Spain,$2b$12$EyTUg6hv7IJ0BMHgsVu47V,False
1706,Kwame,Wang,kwame.wang1706@yahoo.com,+71748123462,Africa,Nigeria,$2b$12$aU8UNLEpD4fh2ZFwgPHXwX,False
1707,Pierre,Chopra,pierre.chopra1707@icloud.com,+70362462989,Asia,China,$2b$12$7jVLznjgqFH9T8UJYVYpSn,False
1708,Ivan,Garcia,ivan.garcia1708@yahoo.com,+43977185781,Europe,Spain,$2b$12$tRFWSTjgpwYcHWwtmAMJ0a,False
1709,Rahul,Chen,rahul.chen1709@outlook.com,+00690143169,Asia,Japan,$2b$12$svyTgrdJ78chJqoQtLc8fc,False
1710,Meera,Mensah,meera.mensah1710@hotmail.com,+20214131640,South America,Argentina,$2b$12$z2NEroOFLzslsnErXIsfhf,False
1711,Arnav,Smith,arnav.smith1711@yahoo.com,+04513641319,Europe,France,$2b$12$tudRG83aR8XQi3YH5CHWSI,False
1712,James,Dubois,james.dubois1712@yahoo.com,+83217926292,Oceania,Australia,$2b$12$W3O3zGOJlCiQXQ1Oxdc7Wu,False
1713,Amara,Rodriguez,amara.rodriguez1713@yahoo.com,+08939225637,Asia,India,$2b$12$7pVnSeQCKcwjMa4kG9zH7e,False
1714,Zainab,Joshi,zainab.joshi1714@icloud.com,+71915441309,Asia,UAE,$2b$12$IISLDHru6OQixn69uzQjIn,False
1715,Ji-woo,Silva,ji-woo.silva1715@gmail.com,+14213949849,Oceania,New Zealand,$2b$12$GSThrvSuCovDngiCkcZ8FL,False
1716,Amara,Bhatt,amara.bhatt1716@outlook.com,+35658146383,Asia,China,$2b$12$keelgTVTrwwjDHmrDgKvSU,False
1717,Ji-woo,Smith,ji-woo.smith1717@hotmail.com,+33611721230,Europe,UK,$2b$12$wvGclhrKpGQPGJBEXDv741,False
1718,Emma,Mehta,emma.mehta1718@hotmail.com,+81422099118,South America,Brazil,$2b$12$Yx7O3bgb9tcUX5JQMRGbk5,False
1719,Noah,Ibrahim,noah.ibrahim1719@outlook.com,+40145613253,North America,USA,$2b$12$cfX6BiKcwI2hLbCPcT9sUH,False
1720,David,Agarwal,david.agarwal1720@gmail.com,+28541079504,Asia,India,$2b$12$4KXjpB4Nn2MzxR2F0ReWIG,False
1721,Krishna,Al-Farsi,krishna.al-farsi1721@gmail.com,+20144562261,Oceania,New Zealand,$2b$12$Ld429LoLrFXkCE5HvxsjSV,False
1722,Carlos,Park,carlos.park1722@outlook.com,+08217518266,Asia,China,$2b$12$mCUReceF4eRT7K7Bq8GuNA,False
1723,Ahmed,Garcia,ahmed.garcia1723@icloud.com,+87709124250,Asia,UAE,$2b$12$UTbG0OS8vRbjRmW13cuFa4,True
1724,Zainab,Dubois,zainab.dubois1724@gmail.com,+43657193351,Asia,Japan,$2b$12$7WrhZT6xk3gJDIyaMphzsS,False
1725,Mei,Sharma,mei.sharma1725@icloud.com,+82918368139,Europe,Germany,$2b$12$wGE0gc1uSLVOpFsyHebRf4,False
1726,Valentina,Dubois,valentina.dubois1726@hotmail.com,+11509911758,Europe,Spain,$2b$12$NYDRlNtVwW3adwH1B0TS4t,False
1727,Elena,Nair,elena.nair1727@gmail.com,+94266422544,Asia,Japan,$2b$12$PX8oWn7H2JevLLIRJleriR,False
1728,Hiro,Tanaka,hiro.tanaka1728@yahoo.com,+08798636592,North America,Mexico,$2b$12$85J2OiKJIX9obNgA5P6bRt,False
1729,Lucas,Chatterjee,lucas.chatterjee1729@yahoo.com,+01161137422,Asia,China,$2b$12$et5z4hOBsHMbOsXkr8piIM,False
1730,Ishaan,Al-Farsi,ishaan.al-farsi1730@icloud.com,+84373373562,Asia,China,$2b$12$Jygrd0qPqMfftqtrRAj5Nz,True
1731,Valentina,El-Masry,valentina.el-masry1731@outlook.com,+18235104955,Africa,Nigeria,$2b$12$FuyeZxRdfwc8cIvmisdJob,False
1732,Zola,Mensah,zola.mensah1732@yahoo.com,+68805529281,North America,Mexico,$2b$12$h3oJzE0SIm0bIM6jrap5aW,False
1733,Omar,Taylor,omar.taylor1733@yahoo.com,+67511685174,Africa,Nigeria,$2b$12$5hw3Se1XtzsGWP8g54xin6,False
1734,Kwame,Novak,kwame.novak1734@outlook.com,+03299150417,Asia,China,$2b$12$afekWd7yGKYMdZfG1FzuWO,False
1735,Kwame,Pillai,kwame.pillai1735@gmail.com,+09228901894,Asia,UAE,$2b$12$Y4KwKwmvDotJigWZtiCk2e,True
1736,Mateo,Kapoor,mateo.kapoor1736@yahoo.com,+11260681992,Asia,South Korea,$2b$12$FxCUq48AxoYSBQwQYBPJed,False
1737,Sarah,Brown,sarah.brown1737@gmail.com,+13229137003,Europe,France,$2b$12$qpl5Lc4s9ofix5IhtEH0ca,False
1738,Ishaan,Tanaka,ishaan.tanaka1738@hotmail.com,+98981451968,Oceania,Australia,$2b$12$SgQvyjVlaKjknNU48onnla,False
1739,Aarav,Hassan,aarav.hassan1739@hotmail.com,+27106027432,Europe,Germany,$2b$12$KacyYEylQu9iWQwy7TcITx,False
1740,Riya,Okafor,riya.okafor1740@outlook.com,+69734112398,North America,USA,$2b$12$QMuacQWxDF2GJIiR4geEVf,False
1741,Sophia,Desai,sophia.desai1741@gmail.com,+13003916358,South America,Argentina,$2b$12$UollGLCLXZTGnUP3SiJS9u,True
1742,Carlos,Kulkarni,carlos.kulkarni1742@yahoo.com,+88409984213,Asia,Singapore,$2b$12$1rx7kmZ4gZK2EKoKzyryk0,False
1743,Mia,Novak,mia.novak1743@icloud.com,+32962675994,Africa,South Africa,$2b$12$zy8ER91vHZFrGb2KpDbWGa,False
1744,Vivaan,Thomas,vivaan.thomas1744@yahoo.com,+42796257056,Asia,India,$2b$12$Cey1ODFFgnY5j4bGZn68A3,False
1745,Riya,Mehta,riya.mehta1745@gmail.com,+56815784934,North America,USA,$2b$12$eGsMpBTm0QpPtHLYvCB10n,False
1746,Pierre,Dubois,pierre.dubois1746@gmail.com,+84356961094,North America,USA,$2b$12$g7kmhjdLFfOkHTAt3X0jqx,False
1747,Pierre,Moore,pierre.moore1747@icloud.com,+22117650699,Asia,China,$2b$12$kxpDRzSxEufalMgDixqnF3,False
1748,Emma,Dubois,emma.dubois1748@gmail.com,+36289242626,Europe,Germany,$2b$12$Oo05Unk83ACH3sQ6sriTqb,False
1749,Camila,Rossi,camila.rossi1749@outlook.com,+98118049409,Oceania,Australia,$2b$12$FIbTIDvNUVyFpn1yqTRqkN,False
1750,Hassan,Muller,hassan.muller1750@icloud.com,+73665972990,North America,Mexico,$2b$12$4jo5TLuDlYFX2g1tuCsvQt,False
1751,Lukas,Park,lukas.park1751@hotmail.com,+26875308549,Africa,South Africa,$2b$12$Lvui1hIq9eAF9jZerZxKy3,False
1752,Tendai,Rodriguez,tendai.rodriguez1752@outlook.com,+12829804742,Europe,Germany,$2b$12$f8oKqXRjpRFIwP5gQ6nzJW,False
1753,Min-jun,Petrov,min-jun.petrov1753@yahoo.com,+00123851013,North America,Mexico,$2b$12$Q9I2GtPyOOeHazOOg4TtBh,False
1754,Liam,Agarwal,liam.agarwal1754@gmail.com,+70441021796,Europe,France,$2b$12$wP2Kr4HURybN311v4atMtb,False
1755,Min-jun,Gupta,min-jun.gupta1755@gmail.com,+77809457420,North America,Mexico,$2b$12$k6AkMxy6He6aQgq9k8sx6U,False
1756,Divya,Pillai,divya.pillai1756@icloud.com,+10373515934,Asia,China,$2b$12$sTDgpoD3JkLGypSIAmhnMc,True
1757,Arnav,Khan,arnav.khan1757@gmail.com,+96319605991,Europe,Spain,$2b$12$e9qh7zazbs6XzuKMVHe1uY,False
1758,Haruto,Suzuki,haruto.suzuki1758@gmail.com,+49753755936,Asia,Japan,$2b$12$YnFUwXG437nTUBksF1446g,False
1759,Hiro,Reddy,hiro.reddy1759@icloud.com,+07583952113,Asia,Japan,$2b$12$9IgippgxHtPSyetMyK0WMf,False
1760,Jin,Kim,jin.kim1760@outlook.com,+58964632580,North America,USA,$2b$12$UuzRZSsBwCU7yu2jy72Y3o,False
1761,Emma,Malhotra,emma.malhotra1761@yahoo.com,+11211037139,North America,Mexico,$2b$12$d1EpDZEMFD75AYSi0R1W5H,False
1762,Olivia,Wang,olivia.wang1762@hotmail.com,+19573331380,Europe,UK,$2b$12$drjoJ8VBEGzL6gwf0mOeD3,False
1763,Aarav,Park,aarav.park1763@outlook.com,+56115291133,Europe,UK,$2b$12$7jPoTHX3vdtnhS3GHK3bG1,False
1764,Haruto,Khan,haruto.khan1764@icloud.com,+16352000823,North America,Canada,$2b$12$kJaZO7sTVbVSMIXgyq0kd5,False
1765,Hiro,Taylor,hiro.taylor1765@outlook.com,+50657107305,Europe,Spain,$2b$12$yXoR5VsLZ1soApSKDYnZI8,False
1766,Lukas,Taylor,lukas.taylor1766@hotmail.com,+49951728639,Asia,Japan,$2b$12$LVloIocBqOJFZeWDRYsoUN,False
1767,Sarah,Ibrahim,sarah.ibrahim1767@icloud.com,+53162116922,Europe,Spain,$2b$12$lq0I4Rmm7TKPztZ34W2Gtf,False
1768,James,Garcia,james.garcia1768@outlook.com,+61065021667,Europe,Spain,$2b$12$tBfu5qyN25YjgT2M4Pv0Ux,False
1769,Sai,Rodriguez,sai.rodriguez1769@yahoo.com,+08298476700,Asia,India,$2b$12$KJgrorGF1aZpvjahnxtguj,False
1770,Anika,Chatterjee,anika.chatterjee1770@icloud.com,+97634346738,Asia,Japan,$2b$12$QPdO46d5z2mQXqTlR6s7PF,False
1771,Karan,Anderson,karan.anderson1771@yahoo.com,+08653339069,Europe,Spain,$2b$12$uI9a1j2H3lcDWXVXW1koaA,False
1772,Emma,Chatterjee,emma.chatterjee1772@gmail.com,+56556978578,Europe,Germany,$2b$12$qMIKO9grzeYykGlyNtZphA,False
1773,John,Tanaka,john.tanaka1773@outlook.com,+28647165865,Asia,China,$2b$12$lQGju1YN3gTbLdvfpNW69i,True
1774,Liam,Menon,liam.menon1774@icloud.com,+55870521889,North America,USA,$2b$12$5r214FUAeDmginX70N2r46,False
1775,Diego,Anderson,diego.anderson1775@gmail.com,+34710464259,Asia,India,$2b$12$jyrik7lP2UCbzr16ojY28V,False
1776,Diya,Malhotra,diya.malhotra1776@icloud.com,+24326360613,Oceania,Australia,$2b$12$Cxd295J1azgKasAif3q8wd,False
1777,Karan,Tanaka,karan.tanaka1777@icloud.com,+83639993368,Europe,Italy,$2b$12$gQa6pLBcRaXFs6mrOvEX4X,False
1778,Aadhya,Mensah,aadhya.mensah1778@icloud.com,+57873245831,North America,Mexico,$2b$12$e6AZrK76OMbLAa6CVcp36a,False
1779,Lakshmi,Dubois,lakshmi.dubois1779@outlook.com,+35232957502,South America,Brazil,$2b$12$3tn9HXiUwSOd2rwX23CvYq,False
1780,Layla,Thomas,layla.thomas1780@yahoo.com,+85775522126,North America,Mexico,$2b$12$NonH1sTbRyeIoNcvotarfM,False
1781,Vihaan,Patel,vihaan.patel1781@outlook.com,+94686226225,Europe,UK,$2b$12$CrM4HryXgtDNJR6kDxfhMF,False
1782,Karan,Desai,karan.desai1782@gmail.com,+62073613613,North America,Mexico,$2b$12$s4tK9RTr4DsTGibhjnvo37,False
1783,Aditya,Nair,aditya.nair1783@icloud.com,+77310565402,Africa,South Africa,$2b$12$8jHgRirmDwHmFfciqWuGQU,False
1784,Marco,Lopez,marco.lopez1784@hotmail.com,+04306394077,Oceania,New Zealand,$2b$12$KkPsK8efpBDs3aHIVIitkD,False
1785,Hassan,Dubois,hassan.dubois1785@outlook.com,+96367579754,Asia,South Korea,$2b$12$4ywCk0PSvrDobS1nM4TZ3p,False
1786,Rahul,Kim,rahul.kim1786@outlook.com,+88208290963,Asia,Singapore,$2b$12$eXXl4bx7vVcEW0BeHTB7tY,False
1787,Anika,Malhotra,anika.malhotra1787@hotmail.com,+08107613663,Asia,Singapore,$2b$12$UAgvV3CsV6itXh8oEGxibx,False
1788,Ishaan,Verma,ishaan.verma1788@outlook.com,+40092909488,Asia,Singapore,$2b$12$q4PfUMhzTOJEQ2ky0FkiTE,False
1789,Emily,Kowalski,emily.kowalski1789@icloud.com,+37379873151,Asia,Japan,$2b$12$XhLKCAqWuz1NcdHSD70Boa,False
1790,Sofia,Pillai,sofia.pillai1790@icloud.com,+58195070657,Oceania,New Zealand,$2b$12$cLujeDKczBd2oiiERpVqlN,False
1791,Jin,Nair,jin.nair1791@icloud.com,+31379238328,South America,Brazil,$2b$12$VUI20rMeeBRKkTLUL1wbL8,False
1792,Amara,Malhotra,amara.malhotra1792@hotmail.com,+45462735105,North America,Canada,$2b$12$g7VcHtOVxDcaVv2Jy2dZe6,False
1793,Arnav,Mehta,arnav.mehta1793@hotmail.com,+19932528141,Europe,Italy,$2b$12$JDOXrg7Gr4c0bOcjulcQVu,False
1794,Deepak,Hassan,deepak.hassan1794@yahoo.com,+81484116136,Oceania,New Zealand,$2b$12$Run0GbRyeotbTnjlSFYAQD,False
1795,Emily,Adeyemi,emily.adeyemi1795@gmail.com,+38618923344,Asia,China,$2b$12$K2ME1N5OQG0sH3nBbJvIoZ,False
1796,Riya,Agarwal,riya.agarwal1796@outlook.com,+86835125192,Europe,Germany,$2b$12$9HLCsCEWQuM5z0DiltK4yr,False
1797,Anna,Ibrahim,anna.ibrahim1797@icloud.com,+17031681446,Africa,South Africa,$2b$12$OtBnsdJDkUmOgbhGluHNWz,False
1798,Priya,Patel,priya.patel1798@gmail.com,+35505595836,Asia,Singapore,$2b$12$g8WZ5R9FIKFBuXu4U9OLuQ,False
1799,Emily,Sharma,emily.sharma1799@outlook.com,+91595848642,Asia,South Korea,$2b$12$JyeaoR45G1a27ycSaNtH5j,False
1800,Laura,Patel,laura.patel1800@gmail.com,+12743438345,Asia,China,$2b$12$cJRskRQ61TbqOCdJVT5j7G,False
1801,Arjun,Rossi,arjun.rossi1801@outlook.com,+63065655900,North America,Mexico,$2b$12$s1gbTTf20Xy5iW0GvDcbub,False
1802,James,Park,james.park1802@gmail.com,+98454947336,Europe,Italy,$2b$12$NN0rYtHYwgYrnQHb4GqfQV,False
1803,Mia,Rodriguez,mia.rodriguez1803@hotmail.com,+30183199467,Asia,China,$2b$12$UN2LonxSbsAJjf4femvnYh,False
1804,Sanjay,Verma,sanjay.verma1804@icloud.com,+02553096745,Oceania,Australia,$2b$12$ihO2kIxMOrLdE83ddZmPHz,False
1805,Ananya,Verma,ananya.verma1805@hotmail.com,+44697605935,Europe,Spain,$2b$12$tUpVo2RHgnNJggLxDL0pR1,True
1806,Vihaan,Mensah,vihaan.mensah1806@hotmail.com,+31735589505,North America,Mexico,$2b$12$48ae1mrDOcOfw3hcDppAkb,False
1807,Aarav,Iyer,aarav.iyer1807@yahoo.com,+84574448435,Asia,China,$2b$12$5YzZ9yjm73RQsGwyTHApOB,False
1808,Emily,Chopra,emily.chopra1808@outlook.com,+69877435752,Oceania,New Zealand,$2b$12$dQuz9QeTsUvJRliReYAfV3,False
1809,Krishna,Tanaka,krishna.tanaka1809@gmail.com,+00477870898,Asia,India,$2b$12$e6zPqg9OpwUsQc9SuJkBvy,False
1810,Marco,Li,marco.li1810@yahoo.com,+42917995889,Europe,Italy,$2b$12$YzaCdDQgdxDduWJGgXKAMj,False
1811,Rahul,Desai,rahul.desai1811@outlook.com,+36822337913,Asia,UAE,$2b$12$QscowBoWqhnycfjy7Kfege,False
1812,Ahmed,Thomas,ahmed.thomas1812@hotmail.com,+95268346859,Asia,Singapore,$2b$12$FTAzKvYQ8fA1PWDyUDzyhW,False
1813,Ali,Ibrahim,ali.ibrahim1813@gmail.com,+74460228881,Europe,France,$2b$12$0byPjs7W29Qr7BHHIIWjBK,False
1814,Sarah,Thomas,sarah.thomas1814@icloud.com,+23024818812,Oceania,New Zealand,$2b$12$ISu6aSkLboyguNkMD0NBZk,False
1815,Tendai,Wilson,tendai.wilson1815@outlook.com,+49793995121,Asia,South Korea,$2b$12$JnBDLtPlkgDzZuK7M1FlBU,False
1816,Rohan,Reddy,rohan.reddy1816@icloud.com,+83729734019,North America,Canada,$2b$12$hDG58LnmLmP7l4cDxIDHhV,False
1817,Neha,Moore,neha.moore1817@outlook.com,+88621730058,Asia,China,$2b$12$6D1hTuPJcvAYg6cpi3JSQK,False
1818,Amit,Rodriguez,amit.rodriguez1818@outlook.com,+39372627402,Oceania,Australia,$2b$12$siBzB9hOjKPcCtEEDNm10C,False
1819,Diya,Khan,diya.khan1819@hotmail.com,+34259736922,Europe,Italy,$2b$12$4rmrWisjBsYV2zG1S68eoS,False
1820,Sunita,Adeyemi,sunita.adeyemi1820@icloud.com,+08848699936,Asia,South Korea,$2b$12$gfiePr6gCPwS0NLJ9WdVk1,False
1821,Lakshmi,Menon,lakshmi.menon1821@gmail.com,+18345779775,Asia,Singapore,$2b$12$uQTw7GAEtg8YY4L99pBfRg,False
1822,Diego,Sharma,diego.sharma1822@outlook.com,+49362432877,South America,Brazil,$2b$12$VXzN6UB4couwPXdqYFtBLK,False
1823,Sunita,Suzuki,sunita.suzuki1823@gmail.com,+02278335932,Africa,South Africa,$2b$12$Z9YgAEN7Bv3TC5sobf1eVe,False
1824,Amara,Malhotra,amara.malhotra1824@outlook.com,+59757070336,North America,Mexico,$2b$12$ovnh9zAU4sCDqh5RQtOih7,False
1825,Diego,Nakamura,diego.nakamura1825@icloud.com,+22847566697,Asia,Japan,$2b$12$oVrOLS7A1s7E0ZN7PLpxaS,False
1826,Zola,Muller,zola.muller1826@icloud.com,+31833155877,Asia,Japan,$2b$12$LRMp9BRiLy5V5tONpuPjyT,True
1827,Ishaan,Chatterjee,ishaan.chatterjee1827@yahoo.com,+58983209797,Europe,UK,$2b$12$0KPZoQTYLjdMrwCUvJEdQH,False
1828,Pierre,Suzuki,pierre.suzuki1828@yahoo.com,+41073384958,Asia,UAE,$2b$12$nUgqoO90ieWJw3lhEqoMsK,False
1829,Sakura,Ibrahim,sakura.ibrahim1829@outlook.com,+13109533219,North America,Mexico,$2b$12$JX8NrJDCvepKejJ9keve3W,False
1830,Pierre,Rao,pierre.rao1830@yahoo.com,+13192375354,Asia,India,$2b$12$hgHzQ5uWuo8piKKEfhUjrX,False
1831,John,Muller,john.muller1831@gmail.com,+25394726574,Europe,Spain,$2b$12$uv4XRlrL0FUuwLJhy1HUZr,False
1832,Marco,Kapoor,marco.kapoor1832@yahoo.com,+70674057403,Europe,UK,$2b$12$oJD3lAdwKX0a2QmnWRmB1b,False
1833,Ling,Rodriguez,ling.rodriguez1833@outlook.com,+92537435542,Africa,Nigeria,$2b$12$F2aHItHRrEHcnOE80n91AM,False
1834,Reyansh,Hassan,reyansh.hassan1834@outlook.com,+16363874370,Europe,Germany,$2b$12$reoTJBDXRNFauhWvpDD5lY,False
1835,Olivia,Rao,olivia.rao1835@icloud.com,+00342134253,Europe,France,$2b$12$nXHHRfXUmfSfJpS50UNe64,False
1836,Diya,Silva,diya.silva1836@outlook.com,+99650632702,Africa,South Africa,$2b$12$dWgLphotvsCNCKxrjtlGO0,False
1837,Elena,Kapoor,elena.kapoor1837@yahoo.com,+79559042495,Africa,South Africa,$2b$12$shYSt9NUvBvTY1uVQaXihg,False
1838,Sunita,Nakamura,sunita.nakamura1838@hotmail.com,+95813275213,North America,USA,$2b$12$IbFSHquSvPQGxdUsCbU42t,False
1839,Meera,Petrov,meera.petrov1839@hotmail.com,+16892454421,Europe,France,$2b$12$ffxalLcM198rOcoWmszuT4,False
1840,Wei,Petrov,wei.petrov1840@outlook.com,+40058508632,South America,Brazil,$2b$12$HJTyC6xqbbVoTcXzYZJ86R,False
1841,Sophia,Ndlovu,sophia.ndlovu1841@outlook.com,+84122435364,South America,Argentina,$2b$12$E58zus5jaF6uFgY5NhgThe,False
1842,Ishaan,Chen,ishaan.chen1842@yahoo.com,+98305394238,Oceania,New Zealand,$2b$12$3GKPvoGesK6LUtdxQc1sQ2,False
1843,Santiago,Kim,santiago.kim1843@icloud.com,+19285527644,Asia,South Korea,$2b$12$LkpD8PMXifKKpMjm3bI0SB,False
1844,Chidi,Kulkarni,chidi.kulkarni1844@icloud.com,+54902873501,North America,USA,$2b$12$tdhJGxsehr5uhJhzTg5N4T,False
1845,Carlos,Rossi,carlos.rossi1845@gmail.com,+96074588132,Africa,South Africa,$2b$12$7FbdlgY6Ml8t2QBXP4Lyf9,False
1846,Sakura,Martin,sakura.martin1846@yahoo.com,+97608524429,Europe,UK,$2b$12$WgLZRqi6w1CVpLInQCOchR,False
1847,Olivia,Lopez,olivia.lopez1847@yahoo.com,+90947757684,North America,Mexico,$2b$12$9hbqcpQWNyjH7mHuwFkmcQ,False
1848,Wei,Smith,wei.smith1848@icloud.com,+79914566857,Asia,UAE,$2b$12$4BM8VpWy75c2oEUhazKK7p,False
1849,Laura,Silva,laura.silva1849@gmail.com,+81639567257,Asia,Singapore,$2b$12$SlBGAkl26eo9hHr8UUejXo,False
1850,Kavya,Desai,kavya.desai1850@yahoo.com,+72812865592,North America,Canada,$2b$12$AgbTlk0Sn18zCOj3hUJiBs,False
1851,Reyansh,Silva,reyansh.silva1851@yahoo.com,+24857884400,Europe,UK,$2b$12$6HwqiFF7OCxqOja3coImPI,False
1852,Amit,Gupta,amit.gupta1852@outlook.com,+47845831951,Asia,South Korea,$2b$12$eCZxQJCJEeBzWSJxN9ZorE,True
1853,Mia,Nair,mia.nair1853@yahoo.com,+23248798301,Europe,France,$2b$12$OPWHZcnFG7OzKhybjzal3Z,False
1854,Aadhya,Smith,aadhya.smith1854@outlook.com,+73748592751,Asia,UAE,$2b$12$J7b6ExXCLtGinI6lJdF0vX,False
1855,Rohan,Martin,rohan.martin1855@hotmail.com,+23192555699,Asia,China,$2b$12$y5Muq1DyKelCsIvAWWsvN5,False
1856,Ngozi,El-Masry,ngozi.el-masry1856@icloud.com,+84718118719,Asia,South Korea,$2b$12$HeKS65QIk2DQTaxPDOIasz,False
1857,Jane,Smith,jane.smith1857@gmail.com,+10922765909,Asia,India,$2b$12$xcbs09Z65QhwTyqcuuYWhG,False
1858,Jin,Verma,jin.verma1858@gmail.com,+26323581687,Europe,Italy,$2b$12$3D7ft4Sr3xXuvuwLYMbLAe,False
1859,Laura,Pillai,laura.pillai1859@gmail.com,+90345328290,Europe,Spain,$2b$12$u8vSm2YjQ54STFjbsp40ux,False
1860,Zainab,Thomas,zainab.thomas1860@icloud.com,+46970738713,Asia,UAE,$2b$12$UQ2TQW3xp4ksiZ4AgoJvUX,False
1861,Zainab,Suzuki,zainab.suzuki1861@hotmail.com,+89623752214,Asia,Japan,$2b$12$BMdiuhaQboSmoUbuHeOAtJ,False
1862,Sunita,Al-Farsi,sunita.al-farsi1862@outlook.com,+45965369030,Asia,South Korea,$2b$12$cLCdWCewUBycesqNDhO719,False
1863,Ngozi,Mehta,ngozi.mehta1863@hotmail.com,+20589263366,Asia,South Korea,$2b$12$DwdQBNskQyG8rhSJyL5kXH,False
1864,Jane,Li,jane.li1864@outlook.com,+50420041702,Europe,Germany,$2b$12$X4jhalvpZUvJtFsXo85mJY,False
1865,Isabella,Khan,isabella.khan1865@yahoo.com,+97500979808,Oceania,Australia,$2b$12$0wHjppryQ3KDRMBcHdL6XZ,False
1866,Olivia,Martinez,olivia.martinez1866@outlook.com,+46478952642,Asia,South Korea,$2b$12$CEGm8c986a7oqQy6EhoVJu,False
1867,Rohan,Tanaka,rohan.tanaka1867@hotmail.com,+70469698283,South America,Brazil,$2b$12$nQqfI1tRB7LFo3cHqF8fdY,False
1868,Sofia,Fernandez,sofia.fernandez1868@gmail.com,+62569985819,Africa,South Africa,$2b$12$RznLpOzWOJgMRGKMoBhWjY,False
1869,Aditya,Joshi,aditya.joshi1869@hotmail.com,+24978661966,Oceania,Australia,$2b$12$NGFjOxW044Vqq67rO405vF,False
1870,Diego,El-Masry,diego.el-masry1870@outlook.com,+49411672695,Asia,UAE,$2b$12$L68I0xLY3gengn6MgR6Z13,False
1871,Vihaan,Gupta,vihaan.gupta1871@gmail.com,+91453143234,South America,Argentina,$2b$12$U2XQm4frSS2eWhLoJgc7FC,False
1872,Riya,Iyer,riya.iyer1872@yahoo.com,+84435284408,Asia,India,$2b$12$y4WDhRmtO6ncARO6mWVZ3s,False
1873,Haruto,Ndlovu,haruto.ndlovu1873@outlook.com,+41137015497,South America,Brazil,$2b$12$tCviuxVaUWi7SRVYyFLldS,False
1874,Elena,Martin,elena.martin1874@yahoo.com,+63652395472,Europe,Spain,$2b$12$psgCJ3ExXrab0RlnZNDwxW,False
1875,Olivia,Khan,olivia.khan1875@yahoo.com,+29849360612,South America,Brazil,$2b$12$m3ooxXajxixAMuH9CXq3Ji,False
1876,Ananya,Nakamura,ananya.nakamura1876@hotmail.com,+82499402637,North America,Canada,$2b$12$4SvL6gcXr0V4V6Mgm2s62Q,False
1877,Neha,Said,neha.said1877@outlook.com,+96651596783,Oceania,Australia,$2b$12$ilUyyfCai5U844zpQMAEmE,False
1878,Zola,Mehta,zola.mehta1878@outlook.com,+39476133179,Europe,Germany,$2b$12$7AG60Xa0ecvzhL5O73YkNf,False
1879,Hassan,Malhotra,hassan.malhotra1879@hotmail.com,+91420680608,Asia,UAE,$2b$12$V3hFhHB3qUOT7laMhBGLaJ,False
1880,Ishaan,Gupta,ishaan.gupta1880@gmail.com,+04144589394,North America,USA,$2b$12$WbyvvCiFegH3RuvEcPiSxx,True
1881,Emma,Ndlovu,emma.ndlovu1881@yahoo.com,+16735413439,Europe,UK,$2b$12$Biom0khpALAHGkaQ6d44WJ,False
1882,Sanjay,Joshi,sanjay.joshi1882@gmail.com,+36038890820,Oceania,New Zealand,$2b$12$vKaryFqAS6YeKCGXuH2JI4,False
1883,Priya,Park,priya.park1883@icloud.com,+07558009675,Africa,Nigeria,$2b$12$bxEaD5Wc2X2i3bcvY1Nc2q,False
1884,Chidi,Moore,chidi.moore1884@gmail.com,+15911346191,Europe,Germany,$2b$12$UrJf9f74jRvtuo7cvwzsP4,True
1885,Sakura,Chopra,sakura.chopra1885@icloud.com,+29354257081,North America,Mexico,$2b$12$Pn9ztQ8tmWDTCcw16wQfnR,False
1886,Priya,Anderson,priya.anderson1886@gmail.com,+99969868389,Africa,Nigeria,$2b$12$cU7eKvN3fPlHBFVLvOLeMu,False
1887,Ahmed,Reddy,ahmed.reddy1887@yahoo.com,+61215482161,Oceania,New Zealand,$2b$12$jGGTAUrL7KQwPZ24t0v2a4,False
1888,Noah,Malhotra,noah.malhotra1888@hotmail.com,+90495847751,Europe,UK,$2b$12$nmIFjHXEK0lu3kprZixzfh,True
1889,Sai,Rao,sai.rao1889@icloud.com,+90367544938,Asia,UAE,$2b$12$xf8BaLULJfT8whnON3z2rF,False
1890,Mia,Fernandez,mia.fernandez1890@gmail.com,+06664645867,Europe,France,$2b$12$OrwZJLMX8yv4D52TS6qCHm,False
1891,Priya,Kim,priya.kim1891@yahoo.com,+92566171472,South America,Brazil,$2b$12$GOFOgE5qCMMlhUH49kwYsm,False
1892,Rahul,Rossi,rahul.rossi1892@icloud.com,+16288372928,Asia,China,$2b$12$jFx57f3fS7vjev7CzaPlQZ,False
1893,Amara,Thomas,amara.thomas1893@yahoo.com,+73866326031,North America,Mexico,$2b$12$WGOyRQluWBo91WAI6GZ0XL,False
1894,Yasmin,Kapoor,yasmin.kapoor1894@yahoo.com,+00097909578,Europe,Spain,$2b$12$vvYzplM7xOtyzw04qwbURZ,False
1895,Diya,Li,diya.li1895@hotmail.com,+27644219756,Asia,Japan,$2b$12$I4ixBVnuf6CaoJEFd2Znwf,False
1896,Ngozi,Rossi,ngozi.rossi1896@gmail.com,+42992847141,South America,Argentina,$2b$12$h0hv9uQg254N8Qx3q05Coj,False
1897,Hiro,Tanaka,hiro.tanaka1897@icloud.com,+83269376481,North America,USA,$2b$12$HPKObcq3FuPAiFR4wk1wjF,False
1898,Amara,Verma,amara.verma1898@icloud.com,+84097817693,Oceania,New Zealand,$2b$12$d9WBHyD5TP8k4kqNiCualB,False
1899,Carlos,Kulkarni,carlos.kulkarni1899@icloud.com,+97229611812,Asia,Singapore,$2b$12$f6AUmIhmQu89iOWr0TufBw,False
1900,Karan,Rossi,karan.rossi1900@yahoo.com,+68367662607,Africa,South Africa,$2b$12$Got30TvEszG1Xm6ec0r1ep,False
1901,Mei,Tanaka,mei.tanaka1901@gmail.com,+77094055475,Oceania,Australia,$2b$12$ZmGSviZM4RUMPA5Yp5oR5z,False
1902,Mei,Petrov,mei.petrov1902@outlook.com,+26212953386,Europe,UK,$2b$12$l9XB9hGllvJkGWjaUzl2Ah,False
1903,Hassan,Wang,hassan.wang1903@yahoo.com,+76964207964,North America,Canada,$2b$12$tJs5MevvjcgQpzi69QuLx4,False
1904,Amit,Sharma,amit.sharma1904@icloud.com,+16263892390,South America,Argentina,$2b$12$LifWTTuPqNuhZYWNNVI2VH,False
1905,Karan,Ndlovu,karan.ndlovu1905@hotmail.com,+51401407544,Europe,UK,$2b$12$K7Fg0apubnkI2ryQP6GV0A,False
1906,Rahul,Lopez,rahul.lopez1906@icloud.com,+88064777628,North America,Mexico,$2b$12$Z9hVMYImAQ3eloKb7R4brB,False
1907,Sunita,El-Masry,sunita.el-masry1907@hotmail.com,+72253641388,Asia,India,$2b$12$VOzsuwQ1D3s1aU6rQe0EA5,False
1908,Aadhya,Kowalski,aadhya.kowalski1908@hotmail.com,+37097074828,Oceania,Australia,$2b$12$5n7mYWFKyzF1DKR51w1Bfe,False
1909,Vihaan,Kapoor,vihaan.kapoor1909@gmail.com,+82462912540,South America,Argentina,$2b$12$mwyllc4pOEwpdgPB8j5fT7,False
1910,Lukas,Muller,lukas.muller1910@gmail.com,+92159049816,Asia,Japan,$2b$12$jD5XnkuCsfEzsZr3aG6rOT,False
1911,Reyansh,Desai,reyansh.desai1911@gmail.com,+86674066893,Europe,UK,$2b$12$vNODxDjEuvpGadmJpEjACu,False
1912,Tendai,Kowalski,tendai.kowalski1912@outlook.com,+90916669516,Europe,Spain,$2b$12$dMmERgQxFeExlHOyNvZrXx,False
1913,Aarav,Kapoor,aarav.kapoor1913@yahoo.com,+26306036832,Asia,UAE,$2b$12$Iee9aICNalv5vJJzZSBsr5,False
1914,Valentina,Suzuki,valentina.suzuki1914@icloud.com,+35158095669,Europe,UK,$2b$12$hkqZQ7SEc2Pe8MMwuwdBdL,False
1915,Divya,Martinez,divya.martinez1915@gmail.com,+68226112207,Asia,Japan,$2b$12$mMxrixepCNCgSAM8d97Gbp,False
1916,Laura,Reddy,laura.reddy1916@icloud.com,+52299163359,North America,USA,$2b$12$oKQEwc69cu8yMFN2xXCmeS,False
1917,Deepak,Patel,deepak.patel1917@hotmail.com,+59877729967,Europe,Spain,$2b$12$L2oSbiKHKZZmmH7PjNugSr,False
1918,Michael,Mensah,michael.mensah1918@gmail.com,+81095755020,Europe,Germany,$2b$12$WIBmsuQzcarFu9ozyr2paF,False
1919,Mia,Patel,mia.patel1919@gmail.com,+40827004785,Asia,UAE,$2b$12$NCA1xNZyHxMH0pkALr9FYH,False
1920,Mei,Li,mei.li1920@yahoo.com,+66670484163,Oceania,Australia,$2b$12$y0jpV4sHETELPZiPlaSyS6,False
1921,Liam,Novak,liam.novak1921@yahoo.com,+55696907470,North America,Mexico,$2b$12$hBgZ919ur1OxnbcRqY0Bsk,False
1922,Mei,Li,mei.li1922@yahoo.com,+50621029909,South America,Argentina,$2b$12$pMUT7OFwuw2Inlb0ngrE71,False
1923,Isabella,Martin,isabella.martin1923@outlook.com,+53921214123,Asia,UAE,$2b$12$kGZVDoWBoS236NVpujf0CI,False
1924,Sophia,Anderson,sophia.anderson1924@gmail.com,+68061928733,Oceania,New Zealand,$2b$12$fleEKhRg05NHTp52R9s2cU,False
1925,John,Al-Farsi,john.al-farsi1925@gmail.com,+34464743371,Oceania,Australia,$2b$12$r7Jmt2XwqbhculbW23Zhk0,False
1926,Diya,Park,diya.park1926@hotmail.com,+23614694967,North America,Mexico,$2b$12$aUhdWTfc2q8G84Mg3vpJwT,False
1927,John,Wang,john.wang1927@icloud.com,+29210661826,South America,Brazil,$2b$12$q4gD70YMJmsJttQRErkqu6,False
1928,Ananya,Rao,ananya.rao1928@yahoo.com,+55797983519,Asia,South Korea,$2b$12$u4HCqV08Yf2LFpFXKgUWPm,False
1929,Priya,Hassan,priya.hassan1929@icloud.com,+98787225477,North America,Mexico,$2b$12$sC1Yfed51n4FtTehpLZFBK,False
1930,Elena,Silva,elena.silva1930@yahoo.com,+97033639248,Europe,France,$2b$12$aPXAOs6li6FyYrsdGU9Gel,False
1931,Krishna,El-Masry,krishna.el-masry1931@yahoo.com,+30336754511,Oceania,Australia,$2b$12$r3K502rIdxtkdxeLrogCkJ,False
1932,Emily,Reddy,emily.reddy1932@gmail.com,+68509378911,Asia,Japan,$2b$12$9Thf21wCxKm6zks2rXV9jy,False
1933,Isabella,Said,isabella.said1933@outlook.com,+67851764628,Europe,Spain,$2b$12$0hcafXviRsi9KB5oKUaqfG,False
1934,Marco,Silva,marco.silva1934@outlook.com,+08868915697,Europe,Spain,$2b$12$QjiCygQVAwjtF9lZFIs6dn,False
1935,Saanvi,Malhotra,saanvi.malhotra1935@hotmail.com,+55134886174,Africa,Nigeria,$2b$12$tJA5lJEtbYmiJjNToegdEx,False
1936,Aadhya,Mensah,aadhya.mensah1936@gmail.com,+64721290238,Europe,France,$2b$12$WyODATFJBSsdAt37nAAna9,False
1937,Jane,Tanaka,jane.tanaka1937@gmail.com,+38963561848,Europe,UK,$2b$12$OzlDqn7OtmVL0UyOxfbe50,False
1938,Yuki,Martin,yuki.martin1938@outlook.com,+68001899323,Asia,South Korea,$2b$12$y4TinxXOyZu4SRfj8Vp1tv,False
1939,Marco,El-Masry,marco.el-masry1939@gmail.com,+82563467151,Oceania,New Zealand,$2b$12$sEVk7s81HfJV8gUsUK1aFP,False
1940,Riya,Wang,riya.wang1940@gmail.com,+06420989102,Europe,UK,$2b$12$xtuUm8mz9bu0trajm2HoYL,False
1941,Aadhya,Suzuki,aadhya.suzuki1941@hotmail.com,+14613534593,Europe,France,$2b$12$tpnSSOBF3IMoCbCXP3vWTR,False
1942,Amit,Pillai,amit.pillai1942@icloud.com,+08547918658,Asia,India,$2b$12$XDvKxQ1bMAgnZwfUowmT48,False
1943,Amara,Rossi,amara.rossi1943@outlook.com,+37594743398,Europe,UK,$2b$12$e5NZe0uy3TFPw8eJcAFZ6U,False
1944,Aditya,Kowalski,aditya.kowalski1944@gmail.com,+28517184940,Asia,UAE,$2b$12$7hGKeKcNn6uLL1uwQdIx8H,False
1945,Emma,Menon,emma.menon1945@icloud.com,+77328727216,Europe,France,$2b$12$VZjNQBmCd9fiimlMgRzyFb,False
1946,Ananya,Silva,ananya.silva1946@outlook.com,+89415691655,North America,Mexico,$2b$12$FGUidd7voipB8V0cJEmEKa,False
1947,Aadhya,Verma,aadhya.verma1947@hotmail.com,+00616083434,Europe,France,$2b$12$8T5fd55NmrX5PyYqixCLQS,False
1948,Ivan,Brown,ivan.brown1948@gmail.com,+56691863971,Oceania,Australia,$2b$12$mPc5B71mg4EgL7LquqHAvl,False
1949,Aarav,Kowalski,aarav.kowalski1949@outlook.com,+16706597907,Oceania,Australia,$2b$12$bZXhoBK4RNUL59Bb9tqhVl,False
1950,Divya,Malhotra,divya.malhotra1950@gmail.com,+35882278601,Asia,Japan,$2b$12$7neMmqgPnTqyEHZioU1zaZ,False
1951,Ivan,Brown,ivan.brown1951@hotmail.com,+77854179043,Asia,China,$2b$12$LGyRrwVx6BINRFwXSdM3I5,False
1952,Haruto,Joshi,haruto.joshi1952@yahoo.com,+77291771622,Africa,Nigeria,$2b$12$ypEgeJbdColFuMAmR5TlIj,False
1953,Reyansh,Silva,reyansh.silva1953@icloud.com,+07857357461,Europe,UK,$2b$12$bkY5L2zc4TOe7eae6ZhAGI,False
1954,James,Moore,james.moore1954@gmail.com,+58735698873,Asia,UAE,$2b$12$mbb3M81ofOnQ77pDRoIwJN,False
1955,Anna,Nakamura,anna.nakamura1955@hotmail.com,+34498861126,Asia,UAE,$2b$12$2DreRYz1DDcGKEHGRgGAvB,False
1956,Olivia,Novak,olivia.novak1956@gmail.com,+36839580298,South America,Brazil,$2b$12$Q9ndvteEG0RCOsjHEs3HJQ,False
1957,Laura,Tanaka,laura.tanaka1957@hotmail.com,+50048385153,Europe,Germany,$2b$12$rG3L0cSO38iE5XgIvRFtz7,False
1958,Mei,Silva,mei.silva1958@outlook.com,+26298709471,South America,Brazil,$2b$12$wngjdcHHXMlOBkOOAkbUjr,False
1959,Fatima,Iyer,fatima.iyer1959@icloud.com,+73729744027,Asia,Singapore,$2b$12$PAYw3wfSO9gGRyqsaMWBcV,False
1960,Priya,Joshi,priya.joshi1960@hotmail.com,+89027322980,Africa,South Africa,$2b$12$4LfzJ7EaRQozchtfrOxjM1,True
1961,Chidi,Novak,chidi.novak1961@yahoo.com,+85866578510,Europe,UK,$2b$12$KtYvaOSnxaDBqGQBXCzPk0,False
1962,Claire,Mensah,claire.mensah1962@gmail.com,+44808044507,Asia,Singapore,$2b$12$LwoWadLDkxWCGfSiosAqYx,False
1963,Saanvi,Hassan,saanvi.hassan1963@outlook.com,+17589844667,Africa,Nigeria,$2b$12$cChnKMPxZdxpcIdL1XQpOI,False
1964,Santiago,Brown,santiago.brown1964@outlook.com,+44118963006,Europe,France,$2b$12$EDi0ZTHiN7iw47BrrDtIed,False
1965,Santiago,Kapoor,santiago.kapoor1965@gmail.com,+62106637852,South America,Brazil,$2b$12$aS5g4kcrs7g81EPH4n7z59,False
1966,Carlos,Mensah,carlos.mensah1966@outlook.com,+07530894268,North America,Canada,$2b$12$0XARprTVq7Q9DLOjr7PHac,False
1967,Jane,Martinez,jane.martinez1967@yahoo.com,+50104457192,South America,Brazil,$2b$12$IfiJ7ZC6L6oJ581jMfxbVV,False
1968,James,Mehta,james.mehta1968@yahoo.com,+52380455339,Asia,Singapore,$2b$12$f400B68HxVcuaVcUJBNcYq,False
1969,Chidi,Nakamura,chidi.nakamura1969@gmail.com,+24378800340,Europe,UK,$2b$12$02IK5zy6zwaupVFw5BzSqA,False
1970,Saanvi,Li,saanvi.li1970@yahoo.com,+88475680248,North America,Canada,$2b$12$RtAaX1PG30DM6mWwfzGTjH,False
1971,Isabella,Martin,isabella.martin1971@yahoo.com,+53052395103,South America,Brazil,$2b$12$PNZUCq22iCUO2n6ofT5vj2,False
1972,Nadia,Rossi,nadia.rossi1972@gmail.com,+04483266001,Europe,Germany,$2b$12$fPhPhxC3S6HpAFI43gXsK7,False
1973,Ali,Menon,ali.menon1973@outlook.com,+72949241850,Asia,India,$2b$12$2Ec64xiGXCbCF4YRz6ou09,False
1974,Arnav,Mehta,arnav.mehta1974@yahoo.com,+78682486676,North America,Canada,$2b$12$YR6iPzLpEoN5d7OaJiXrd0,False
1975,Yuki,Iyer,yuki.iyer1975@gmail.com,+12726462361,Oceania,New Zealand,$2b$12$HLZJXLb67rOhrLv8eSL3Y3,False
1976,Arjun,Said,arjun.said1976@outlook.com,+39151715460,Asia,Japan,$2b$12$XnAQ91OgAOVqCYZnpxNPVI,False
1977,Lukas,Al-Farsi,lukas.al-farsi1977@gmail.com,+55227559489,Oceania,Australia,$2b$12$4hGnH229ERDarUdNCzToqk,False
1978,Arnav,Dubois,arnav.dubois1978@icloud.com,+52406296410,Europe,UK,$2b$12$gfgNsuUGeGOL1KYGNj9b8J,False
1979,Arjun,Suzuki,arjun.suzuki1979@outlook.com,+67203750117,Europe,Germany,$2b$12$uAezeAihSluPFFBLOi7YAx,False
1980,Mateo,Rao,mateo.rao1980@icloud.com,+74605284854,Asia,Singapore,$2b$12$SMXCBDsWXgfeugJ9R5jRTB,False
1981,Ahmed,Moore,ahmed.moore1981@icloud.com,+99436138843,Asia,Singapore,$2b$12$UfMYylaqY0Mpq0KWwZDP0v,False
1982,Sakura,Iyer,sakura.iyer1982@icloud.com,+82001803668,South America,Argentina,$2b$12$WOEZBUe1780QT5Tqj8i46c,False
1983,Arjun,Hassan,arjun.hassan1983@outlook.com,+94208383767,Oceania,Australia,$2b$12$YKyFAYzhyGBF9yY9ZH9zr1,False
1984,Carlos,Ibrahim,carlos.ibrahim1984@outlook.com,+63104866244,Africa,Nigeria,$2b$12$4itrYrP542GLStFDXJBHkp,False
1985,Ji-woo,Mensah,ji-woo.mensah1985@hotmail.com,+16345092671,North America,Mexico,$2b$12$XiQ4QNSii9AzjTckn56ei7,False
1986,Mateo,Chatterjee,mateo.chatterjee1986@gmail.com,+24864848713,Europe,Spain,$2b$12$NTJoTlbZxcAhDPue3HbJ5b,False
1987,Isabella,Kulkarni,isabella.kulkarni1987@icloud.com,+02010644785,Oceania,Australia,$2b$12$WxRb47InjQXPEVTuWlYGUR,False
1988,Meera,Reddy,meera.reddy1988@yahoo.com,+46442116840,Asia,Japan,$2b$12$fUWdoUwg0GyIyhI77Nkntd,False
1989,Riya,Anderson,riya.anderson1989@gmail.com,+69500580770,Africa,South Africa,$2b$12$iWA0dfQpoN4zVv0AjFslly,False
1990,Nadia,Martin,nadia.martin1990@yahoo.com,+20519067127,Asia,South Korea,$2b$12$aeKaV8ldncq3Y8Y0KiVN7R,False
1991,Mei,Garcia,mei.garcia1991@yahoo.com,+04204438041,North America,USA,$2b$12$HVOgLykrZOdvQFWMc1J5nQ,False
1992,Lucas,Garcia,lucas.garcia1992@gmail.com,+75714039703,Asia,India,$2b$12$bj237m3dyBXQwjwsPezMOR,False
1993,Pooja,Rao,pooja.rao1993@hotmail.com,+81734862024,Africa,Nigeria,$2b$12$rGgB80Mz3BVJbR3WMcb0DB,False
1994,Ji-woo,Bhatt,ji-woo.bhatt1994@gmail.com,+18059350797,Asia,UAE,$2b$12$N4BHIDOmxDGEz3X2KEA1P0,False
1995,Sofia,Wang,sofia.wang1995@icloud.com,+13774927475,North America,Mexico,$2b$12$06Hw4nu6SKGC3zDfhmssPI,False
1996,Aarav,Chatterjee,aarav.chatterjee1996@outlook.com,+48880478375,Europe,Germany,$2b$12$aGfHdeZa8CZlC3eAhv8HuM,False
1997,Wei,Verma,wei.verma1997@hotmail.com,+28462047397,Africa,South Africa,$2b$12$rfJTliLx6wyJ8QPXYGrjJR,False
1998,Claire,Mensah,claire.mensah1998@yahoo.com,+68878781384,Oceania,New Zealand,$2b$12$wDBKYBGzsRMGs1XUYDMnWb,False
1999,Deepak,Silva,deepak.silva1999@gmail.com,+08690151532,South America,Argentina,$2b$12$FmKr7hYP9uRbPBTWEvS3w0,False
2000,Deepak,Tanaka,deepak.tanaka2000@gmail.com,+70815919378,North America,Canada,$2b$12$B3OPQY1yUQKnCmi6SIBevm,False
